INSERT INTO companies (id, name, country_code, industry_id)
VALUES
    ('6e1fd695-45ed-40c0-a918-f5691ae8f732', 'Johnson & Johnson', 'US', '048553a5-89b4-4de5-b9af-8865c5a3fac5'),
    ('df19bf92-3041-4191-b994-c54315f34ebc', 'International Business Machines Corporation', 'US', 'a73a7e1e-5523-4751-8ace-837949841b2b'),
    ('61b9d9e8-0b43-475e-9e8b-ef095ed23f01', 'Roche Holding Ltd', 'CH','048553a5-89b4-4de5-b9af-8865c5a3fac5'),
    ('7ffd69e8-30e5-4e51-8ec8-8eb2b8c57b91', 'HSBC Holdings PLC', 'GB', '7e543bad-189b-42f0-b7dd-7e0a627db227'),
    ('c1a5f4e2-3d6b-4f5e-9c1d-2e5f6c3d7a8d', 'Banco Santander, S.A.', 'ES', '7e543bad-189b-42f0-b7dd-7e0a627db227'),
    ('fb5a1c2e-3c4d-4f5e-9c1d-2e5f6c3d7a8e', 'Airbus SE', 'US', 'a1b2c3d4-e5f6-7890-abcd-ef0123456789'),
    ('d2b2c3d4-e5f6-7890-abcd-ef0123456789', 'Siemens Aktiengesellschaft', 'DE', '2a042a16-c2e5-4d53-95fb-2d09362207b8'),
    ('3f4e5d6c-7b8a-9c0d-e1f2-a3b4c5d6e7f8', 'Deutsche Bank', 'DE', '1f2e3d4c-5b6a-7c8d-9e0f-1a2b3c4d5e6f'),
    ('eb4b8383-a5ee-4161-afe9-22f48a4f1521', 'SAP SE', 'DE', 'a73a7e1e-5523-4751-8ace-837949841b2b'),
    ('fdc12345-6789-4abc-def0-1234567890ab', 'Unilever PLC', 'GB', '7e543bad-189b-42f0-b7dd-7e0a627db227'),
    ('6ab6457e-c14e-4a6d-8ccf-a21b24370aea', 'Novartis AG', 'CH', '048553a5-89b4-4de5-b9af-8865c5a3fac5'),
    ('c8452227-612e-433c-8774-0b3d316a90a6', 'Allianz SE', 'DE', 'e5c5bc46-ca43-467e-9395-e54e3bfa6704'),
    ('fb2a1c2e-3c4d-4f5e-9c1d-2e5f6c3d7a8f', 'Apple Inc.', 'US', 'c4d5e6f7-8a9b-0c1d-2e3f-4a5b6c7d8e9f'),
    ('c1234567-89ab-4cde-f012-3456789abcde', 'Meta Platforms, Inc', 'US', '048553a5-89b4-4de5-b9af-8865c5a3fac5'),
    ('92b660af-fee2-4027-a7d2-35c05cbe3156', 'MARA Holdings, Inc.', 'US', '3b8e21a7-d3ff-4609-a9fe-8804a28f0c0a'),
    ('0be15e0c-9eb2-4bad-a867-c3052d0a9d1c', 'Broadcom Inc.', 'US', '75cff663-9ad5-4e30-97cd-6837b47b270f'),
    ('01eea122-acd7-421e-a61e-1b510a1a2743', 'Microsoft Corporation', 'US', 'f7bb2487-c840-4496-bf6e-0f00aa49638f'),
    ('bca178e9-73af-4ca3-91c9-5a213d9d897f', 'Bank of America Corporation', 'US', '7e543bad-189b-42f0-b7dd-7e0a627db227'),
    ('15956ad0-2943-4c87-aa91-a04b79e93408', 'Oracle Corporation', 'US', 'f7bb2487-c840-4496-bf6e-0f00aa49638f'),
    ('1b55b265-b5a1-469c-a24e-25af962afb71', 'Rolls-Royce Holdings PLC', 'GB', 'a1b2c3d4-e5f6-7890-abcd-ef0123456789'),
    ('94641f4d-b7d6-4cd4-bcc6-958020d8a386', 'Barclays PLC', 'GB', '7e543bad-189b-42f0-b7dd-7e0a627db227'),
    ('bcdce1c8-c4b2-4560-8584-1c3bc6353ce1', 'Interactive Brokers Group, Inc.', 'US', '7b93dbff-fca1-48a6-ba84-2560a3b84654'),
    ('9df1d68a-9881-49b1-b589-db25ef5aae5b', 'Salesforce, Inc.', 'US', 'bbf4c8e1-3d2a-4f5e-9c1d-2e5f6c3d7a8a'),
    ('f56d7516-d3ee-4dc1-ad17-11e2c7f3790f', 'The Coca-Cola Company', 'US', '131d737e-862e-47ef-9de1-15a38ba41b9b'),
    ('368bcf8c-78a9-493d-8384-2c0e119c9ad3', 'Plus500 Ltd.', 'GB', '3b8e21a7-d3ff-4609-a9fe-8804a28f0c0a'),
    ('1ad7b9e3-20f2-4a5d-a11b-4f4d49473d12', 'The Procter & Gamble Company', 'US', '042ea834-ccce-4627-82e6-a63339a0f343'),
    ('2db22bc5-036e-4be3-a47c-503dff4c86ae', 'Novo Nordisk A/S', 'DK', '048553a5-89b4-4de5-b9af-8865c5a3fac5'),
    ('0cf6cb92-ac8e-49b2-afcb-670ac10f463d', 'Samsung Electronics Co., Ltd.', 'KR', 'c4d5e6f7-8a9b-0c1d-2e3f-4a5b6c7d8e9f'),
    ('97e5c399-e67e-44a6-83ba-c702a1e2930f', 'QUALCOMM Incorporated', 'US', '75cff663-9ad5-4e30-97cd-6837b47b270f'),
    ('b16db3e3-e654-4c95-a58b-6afad208eec3', 'SoundHound AI, Inc.', 'US', 'bbf4c8e1-3d2a-4f5e-9c1d-2e5f6c3d7a8a'),
    ('1f410137-9bed-4209-aef0-dc162c8d5559', 'Rheinmetall AG', 'DE', 'a1b2c3d4-e5f6-7890-abcd-ef0123456789'),
    ('b8ddc5a5-d074-403e-a922-307aeda8c626', 'Spotify Technology S.A.', 'LU', 'ddf1e2d3-c4b5-a6b7-8c9d-0e1f2a3b4c5d'),
    ('cb6bbf55-ab2e-4b10-aa12-110e4ce1175e', 'Marvell Technology, Inc.', 'US', '75cff663-9ad5-4e30-97cd-6837b47b270f'),
    ('51d47b7b-a5a7-4b22-a028-8f6c0616144e', 'Credo Technology Group Holding Ltd', 'US', '09603d8b-5b0a-4cf2-abfe-89faa8482eea'),
    ('960f212e-4e3f-4017-afa1-d0d4b97a4698', 'Pfizer Inc.', 'US', '048553a5-89b4-4de5-b9af-8865c5a3fac5'),
    ('6e14f4f8-fb9d-42eb-b44d-d27866fc5e52', 'NVIDIA Corporation', 'US', '75cff663-9ad5-4e30-97cd-6837b47b270f'),
    ('28491851-a1a8-4c0f-a7cd-b00154b0d5b1', 'Strategy Inc', 'US', 'bbf4c8e1-3d2a-4f5e-9c1d-2e5f6c3d7a8a'),
    ('e2780a53-619a-4368-aee0-2c24b2bd5e17', 'Alphabet Inc.', 'US', 'ddf1e2d3-c4b5-a6b7-8c9d-0e1f2a3b4c5d'),
    ('ce8e02c4-8715-475e-b0ae-78765dfc7e4b', 'CrowdStrike Holdings, Inc.', 'US', 'f7bb2487-c840-4496-bf6e-0f00aa49638f'),
    ('2f0bd51c-cb8f-4374-8ff5-9ce53ad54a9a', 'JPMorgan Chase & Co.', 'US', '7e543bad-189b-42f0-b7dd-7e0a627db227'),
    ('715219d5-625a-48b8-96ac-2348ed3a01f2', 'Coinbase Global, Inc.', 'US', 'faed8f69-fe60-4f4c-b093-1e48ef18af1d'),
    ('d879506c-833a-461d-8295-1e84a7cdbc4b', 'Amazon.com, Inc.', 'US', '14df8d21-4773-4219-b543-3b00363f14ed'),
    ('486a144c-e530-46c9-88c2-6ed777a938d6', 'McDonald''s Corporation', 'US', 'fe6fa53a-65b5-400e-800e-ce4f24b6a510'),
    ('2788a5f4-b897-4d0d-ba96-e449f3898728', 'Oklo Inc.', 'US', 'ac1f6aa5-f052-44e1-937a-b0230a41a7de'),
    ('82a2fd66-7ba7-485b-8f1c-801e6b697487', 'Quantum Computing Inc.', 'US', 'f923712c-15fc-44ad-8f47-b0676225afc3'),
    ('bf0ed24d-6b44-4b3d-a90b-7802fa0fc2f8', 'British American Tobacco p.l.c.', 'GB', '332d72a8-d160-4a18-b9fa-e7c3ffa5ab36'),
    ('45444f59-a31c-4cc3-9aef-5a9839bef40c', 'ING Groep N.V.', 'NL', '7e543bad-189b-42f0-b7dd-7e0a627db227'),
    ('c3fb26aa-8b50-49d9-bfc0-e3a5d0c728cf', 'Intuitive Machines, Inc.', 'US', 'a1b2c3d4-e5f6-7890-abcd-ef0123456789'),
    ('304d4f79-3bb1-4245-92fd-6d6f0ad18336', 'Danone S.A.', 'FR', 'eda5f07e-d19d-4eb4-8184-4ee612fb6182'),
    ('16f8364c-0367-431c-8370-68ad99383ad6', 'Berkshire Hathaway Inc.', 'US', 'e5c5bc46-ca43-467e-9395-e54e3bfa6704'),
    ('4108028f-39cd-479a-b95a-c384ce796b70', 'Rocket Lab Corporation', 'US', 'a1b2c3d4-e5f6-7890-abcd-ef0123456789'),
    ('44e123f9-bd58-43da-b434-ad5a77a5c941', 'Rigetti Computing, Inc.', 'US', 'f923712c-15fc-44ad-8f47-b0676225afc3'),
    ('64aa3094-7b31-473f-a01c-a7584cf09de2', 'ASML Holding N.V.', 'NL', '75cff663-9ad5-4e30-97cd-6837b47b270f'),
    ('291e25bf-82e3-4673-bfb6-339981d09edb', 'AST SpaceMobile, Inc.', 'US', '09603d8b-5b0a-4cf2-abfe-89faa8482eea'),
    ('9647bf24-aa7c-493a-b8ac-912d94f82668', 'Mitsubishi Heavy Industries Ltd', 'JP', '2a042a16-c2e5-4d53-95fb-2d09362207b8'),
    ('e33788e9-29c3-46c5-9234-da6beb0189e8', 'Schneider Electric S.E.', 'FR', '2a042a16-c2e5-4d53-95fb-2d09362207b8'),
    ('e5a8517d-0a40-4617-b659-6a032a279dac', 'Chevron Corporation', 'US', 'b7b72bf9-2c1c-472a-831f-06ae1710aeed'),
    ('eb0d6ccb-5e8d-499f-bda7-206e8c3d101f', 'CoreWeave, Inc.', 'US', 'f7bb2487-c840-4496-bf6e-0f00aa49638f'),
    ('7e6b89d7-8813-4d89-adbe-f8d10b11d449', 'IonQ, Inc.', 'US', 'f923712c-15fc-44ad-8f47-b0676225afc3'),
    ('ddca1cc2-9867-4ef4-9bdd-bcc767ed812b', 'Joby Aviation, Inc.', 'US', '0229a27a-416b-4002-9526-633b7a76f638'),
    ('6c85e76b-27ed-44cc-b2b4-243207e0d7c3', 'BNP Paribas SA', 'FR', '1f2e3d4c-5b6a-7c8d-9e0f-1a2b3c4d5e6f'),
    ('ee734d88-439e-41d7-8e73-f297cb63b199', 'Siemens Energy AG', 'DE', '2a042a16-c2e5-4d53-95fb-2d09362207b8'),
    ('ef35ea1e-bd96-4d25-93d3-10d1df8d4443', 'Taiwan Semiconductor Manufacturing Company Limited', 'TW', '75cff663-9ad5-4e30-97cd-6837b47b270f'),
    ('a0a9f0f0-460d-49de-9a1c-b8875838f098', 'Tesla, Inc.', 'US', 'efc120bf-a5de-4f16-98ce-f09c8ab97b7c'),
    ('b0e597d7-588c-4ca2-a8cc-f351b12ecda9', 'Swiss Re AG', 'CH', '32001d66-b9fc-48d9-9a10-47a0ed3b325e'),
    ('d496f8f9-6ad0-4761-9c8d-9e54b1428e56', 'D-Wave Quantum Inc.', 'CA', 'f923712c-15fc-44ad-8f47-b0676225afc3'),
    ('ba34bf61-21ab-4f00-beec-139944f8d36c', 'AB SKF', 'SE', 'c6c2b6e7-6b95-42b6-b7ff-977d3b99a963'),
    ('0b26dea0-146b-4214-8073-ab995d470a8b', 'Intesa Sanpaolo S.p.A.', 'IT', '1f2e3d4c-5b6a-7c8d-9e0f-1a2b3c4d5e6f'),
    ('58abc400-be6a-4722-8eb5-e59dca12369b', 'Dassault Aviation société anonyme', 'FR', 'a1b2c3d4-e5f6-7890-abcd-ef0123456789'),
    ('26f8f5d8-56ee-4aa6-9123-a0818d8fcfbc', 'Dell Technologies Inc.', 'US', 'f923712c-15fc-44ad-8f47-b0676225afc3'),
    ('710330da-3443-44be-bd2e-321b7e562224', 'Deutsche Telekom AG', 'DE', '5ea3232a-cf55-444b-8f67-5ea2a16a4657'),
    ('c91940cd-224a-4d33-87af-5f41d66235f7', 'Iveco Group N.V.', 'IT', '7083d6ae-bc7a-4a59-8248-2368c2bbe6d4'),
    ('0bd1ae88-b62e-4096-832b-2fe6693fb2ef', 'Ferrari N.V.', 'IT', 'efc120bf-a5de-4f16-98ce-f09c8ab97b7c'),
    ('e42e7986-be76-4b98-9d02-e93fdd8b19fe', 'Saab AB', 'SE', 'a1b2c3d4-e5f6-7890-abcd-ef0123456789'),
    ('416bd8da-b6f0-40c6-a3b4-26484eae8371', 'UniCredit S.p.A.', 'IT', '1f2e3d4c-5b6a-7c8d-9e0f-1a2b3c4d5e6f'),
    ('f8972c5f-91a1-4baa-b0f4-c8f6d2b0b4cc', 'Walmart Inc.', 'US', '06af5b6b-22ba-4f74-a06c-17466cb8d655'),
    ('268ade02-0b79-4449-9f91-95e77dd48d14', 'ZIM Integrated Shipping Services Ltd.', 'IL', '0f2a3e00-1778-4c8b-995e-7b6e43f1896a'),
    ('c20d6151-8d06-42d8-a0a2-5fe3ffee7b53', 'Sony Group Corporation', 'JP', 'c4d5e6f7-8a9b-0c1d-2e3f-4a5b6c7d8e9f'),
    ('481264bf-d68e-4a23-b388-7db44b94fa95', 'Netflix, Inc.', 'US', 'e0509c0a-0ae5-4a4b-89af-1b45d9760488'),
    ('d48b9d09-3763-45ab-aaf2-44c28a2552c9', 'Constellation Energy Corporation', 'US', 'f8a077d7-2fa4-4edc-8e28-1630366e5d4f'),
    ('ecdc29cc-f4b5-4f2b-a2be-d11714280cfe', 'Eli Lilly and Company', 'US', '048553a5-89b4-4de5-b9af-8865c5a3fac5'),
    ('1bd7f15f-e2a0-4d05-9ca0-f9cea2be14ad', 'Visa Inc.', 'US', 'd5017ce1-bd8a-4848-b772-dcb64f05ce6d'),
    ('1a133e08-5fdb-4a3f-8650-5b88ad4e6feb', 'Sony Financial Group Inc.', 'JP', 'e303e373-c3a6-4dd4-9e86-f99135ba06c5')
;

INSERT INTO assets (id, asset_type, "name", symbol, fund_manager, currency_code, exchange_id, company_id)
VALUES
    ('a2e818c7-416b-4561-b25b-af8cf2307578', 'STOCK', 'Johnson & Johnson', 'JNJ', NULL, 'USD', 'e698eb12-504d-4247-b65c-ef711e4a0003', '6e1fd695-45ed-40c0-a918-f5691ae8f732'),
    ('3e367f20-5253-42ea-8598-2280a9630704', 'STOCK', 'International Business Machines Corporation', 'IBM', NULL, 'USD', 'e698eb12-504d-4247-b65c-ef711e4a0003', '6e1fd695-45ed-40c0-a918-f5691ae8f732'),
    ('2314d8b1-0e0a-4fdc-becc-01ec3dc0cbec', 'STOCK', 'Roche Holding Ltd', 'ROG.SW', NULL, 'CHF', '6dcc99d9-8812-40f4-a439-ae0db1034388', '61b9d9e8-0b43-475e-9e8b-ef095ed23f01'),
    ('9f4c8e2d-3b6a-4f5e-9c1d-2e5f6c3d7a8c', 'STOCK', 'HSBC Holdings plc', 'HSBA.L', NULL, 'GBX', '0cafbed5-1a23-4f1f-a5db-418c60b3e482', '7ffd69e8-30e5-4e51-8ec8-8eb2b8c57b91'),
    ('80835d4f-47db-4756-a6b4-b216404c7706', 'STOCK', 'Banco Santander, S.A.', 'SAN.MC', NULL, 'EUR', 'fccfc161-8c41-40af-b340-41bf77f6c483', 'c1a5f4e2-3d6b-4f5e-9c1d-2e5f6c3d7a8d'),
    ('d4f5e6a7-b8c9-0d1e-2f3a-4b5c6d7e8f90', 'STOCK', 'Airbus SE', 'AIR.PA', NULL, 'EUR', '258de74f-06ce-480b-85c5-2834e05cd7ac', 'fb5a1c2e-3c4d-4f5e-9c1d-2e5f6c3d7a8e'),
    ('df295f45-2d9a-4bd1-98fd-a43df868f7d7', 'STOCK', 'Airbus SE', 'AIR.DE', NULL, 'EUR', 'b3c1b9fe-5a55-4e9e-9f6c-2f6f2cd13c30', 'fb5a1c2e-3c4d-4f5e-9c1d-2e5f6c3d7a8e'),
    ('c3b4d5e6-f7a8-9b0c-d1e2-f3a4b5c6d7e8', 'STOCK', 'Siemens Aktiengesellschaft', 'SIE.DE', NULL, 'EUR', 'b3c1b9fe-5a55-4e9e-9f6c-2f6f2cd13c30', 'd2b2c3d4-e5f6-7890-abcd-ef0123456789'),
    ('111c1ded-f1b2-41a9-aecc-5dd25dc4ad31', 'STOCK', 'Deutsche Bank', 'DBK.DE', NULL, 'EUR', 'b3c1b9fe-5a55-4e9e-9f6c-2f6f2cd13c30', '3f4e5d6c-7b8a-9c0d-e1f2-a3b4c5d6e7f8'),
    ('9f1e2d3c-4b5a-6c7d-8e9f-0a1b2c3d4e5f', 'STOCK', 'Deutsche Bank', 'DB', NULL, 'USD', 'e698eb12-504d-4247-b65c-ef711e4a0003', '3f4e5d6c-7b8a-9c0d-e1f2-a3b4c5d6e7f8'),
    ('91966245-4129-470e-b075-680f0623b476', 'STOCK', 'SAP SE', 'SAP.DE', NULL, 'EUR', 'b3c1b9fe-5a55-4e9e-9f6c-2f6f2cd13c30', 'eb4b8383-a5ee-4161-afe9-22f48a4f1521'),
    ('94fb39b3-0464-4244-ba39-b0e343d78318', 'STOCK', 'Unilever PLC', 'ULVR.L', NULL, 'GBX', '0cafbed5-1a23-4f1f-a5db-418c60b3e482', 'fdc12345-6789-4abc-def0-1234567890ab'),
    ('a3b2c1d4-e5f6-7890-abcd-ef0123456789', 'STOCK', 'Novartis AG', 'NOVN.SW', NULL, 'CHF', '6dcc99d9-8812-40f4-a439-ae0db1034388', '6ab6457e-c14e-4a6d-8ccf-a21b24370aea'),
    ('36a4699c-c185-4399-912d-35a17b8f22f6', 'STOCK', 'Allianz SE', 'ALV.DE', NULL, 'EUR', 'b3c1b9fe-5a55-4e9e-9f6c-2f6f2cd13c30', 'c8452227-612e-433c-8774-0b3d316a90a6'),
    ('ca3717a7-df4e-4474-994f-6d5a8bd32bb4', 'STOCK', 'Apple Inc.', 'AAPL', NULL, 'USD', '2bcbd047-9de4-4220-a385-d431544a942a', 'fb2a1c2e-3c4d-4f5e-9c1d-2e5f6c3d7a8f'),
    ('9f4c8e2d-3b6a-4f5e-9c1d-2e5f6c3d7a8d', 'STOCK', 'Meta Platforms, Inc.', 'META', NULL, 'USD', '2bcbd047-9de4-4220-a385-d431544a942a', 'c1234567-89ab-4cde-f012-3456789abcde'),
    ('1c46d982-868f-4565-a8a1-4e2f29f54d8b', 'STOCK', 'MARA Holdings, Inc.', 'MARA', NULL, 'USD', '2bcbd047-9de4-4220-a385-d431544a942a', '92b660af-fee2-4027-a7d2-35c05cbe3156'),
    ('0ac84421-d8a5-4412-a2fd-1aafc90bb044', 'STOCK', 'Broadcom Inc.', 'AVGO', NULL, 'USD', '2bcbd047-9de4-4220-a385-d431544a942a', '0be15e0c-9eb2-4bad-a867-c3052d0a9d1c'),
    ('3156dcad-1744-4991-9698-409b0e2bb4ee', 'ETF', 'Invesco NASDAQ-100 Swap UCITS ETF Acc', 'EQSG.L', 'Invesco', 'GBX', '0cafbed5-1a23-4f1f-a5db-418c60b3e482', NULL),
    ('99d7f31a-0c82-4636-ae02-fd117ac1875d', 'STOCK', 'Microsoft Corporation', 'MSFT', NULL, 'USD', '2bcbd047-9de4-4220-a385-d431544a942a', '01eea122-acd7-421e-a61e-1b510a1a2743'),
    ('a77c55a5-28fa-4895-b85b-1a57c4451ad3', 'STOCK', 'Bank of America Corporation', 'BAC', NULL, 'USD', 'e698eb12-504d-4247-b65c-ef711e4a0003', 'bca178e9-73af-4ca3-91c9-5a213d9d897f'),
    ('4129fee0-7a1a-4ee3-b5a1-9a1ea8875886', 'STOCK', 'Oracle Corporation', 'ORCL', 'NULL', 'USD', 'e698eb12-504d-4247-b65c-ef711e4a0003', '15956ad0-2943-4c87-aa91-a04b79e93408'),
    ('2ac726b1-bdb9-4d4e-873c-806958ff80a8', 'STOCK', 'Rolls-Royce Holdings plc', 'RR.L', 'NULL', 'GBX', '0cafbed5-1a23-4f1f-a5db-418c60b3e482', '1b55b265-b5a1-469c-a24e-25af962afb71'),
    ('134c251f-f7dd-4c45-9f9e-0983ee088d09', 'STOCK', 'Barclays PLC', 'BARC.L', 'NULL', 'GBX', '0cafbed5-1a23-4f1f-a5db-418c60b3e482', '94641f4d-b7d6-4cd4-bcc6-958020d8a386'),
    ('80590abb-8c9d-46ae-b76a-51acfbcbe422', 'STOCK', 'Interactive Brokers Group, Inc.', 'IBKR', NULL, 'USD', '2bcbd047-9de4-4220-a385-d431544a942a', 'bcdce1c8-c4b2-4560-8584-1c3bc6353ce1'),
    ('d38008ec-21a0-4498-a224-5e9c48cb9a82', 'STOCK', 'Salesforce, Inc.', 'CRM', NULL, 'USD', 'e698eb12-504d-4247-b65c-ef711e4a0003', '9df1d68a-9881-49b1-b589-db25ef5aae5b'),
    ('aa491ae0-a832-41f2-9354-6d158c23e399', 'ETF', 'iShares MSCI Japan ESG Enhanced CTB UCITS ETF USD Inc (Dist)', 'EEJG.L', 'iShares', 'GBP', '0cafbed5-1a23-4f1f-a5db-418c60b3e482', NULL),
    ('d993242f-7074-4fd1-8081-ef2a56338970', 'STOCK', 'The Coca-Cola Company', 'KO', NULL, 'USD', 'e698eb12-504d-4247-b65c-ef711e4a0003', 'f56d7516-d3ee-4dc1-ad17-11e2c7f3790f'),
    ('8571c932-dd11-4d38-9545-41fa6c0ee2ab', 'ETF', 'iShares S&P 500 Information Technology Sector UCITS ETF USD (Acc)', 'IITU.L', 'iShares', 'GBX', '0cafbed5-1a23-4f1f-a5db-418c60b3e482', NULL),
    ('b93460cc-263c-401c-8a03-5f798deb2746', 'STOCK', 'Plus500 Ltd.', 'PLUS.L', NULL, 'GBX', '0cafbed5-1a23-4f1f-a5db-418c60b3e482', '368bcf8c-78a9-493d-8384-2c0e119c9ad3'),
    ('b10c1dbf-6497-41b1-92f5-8f2d0e292dc7', 'STOCK', 'The Procter & Gamble Company', 'PG', NULL, 'USD', 'e698eb12-504d-4247-b65c-ef711e4a0003', '1ad7b9e3-20f2-4a5d-a11b-4f4d49473d12'),
    ('8c6f483b-398f-4f19-9290-7d566a40ba98', 'STOCK', 'Novo Nordisk A/S', 'NVO', NULL, 'USD', 'e698eb12-504d-4247-b65c-ef711e4a0003', '2db22bc5-036e-4be3-a47c-503dff4c86ae'),
    ('ebe535d7-32f2-4c19-91de-4eb1b2af04a0', 'STOCK', 'Samsung Electronics Co., Ltd.', 'SMSN.IL', NULL, 'USD', '0cafbed5-1a23-4f1f-a5db-418c60b3e482', '0cf6cb92-ac8e-49b2-afcb-670ac10f463d'),
    ('779e9c90-9622-4e70-8d9c-8e18ac1c39ec', 'STOCK', 'QUALCOMM Incorporated', 'QCOM', NULL, 'USD', '2bcbd047-9de4-4220-a385-d431544a942a', '97e5c399-e67e-44a6-83ba-c702a1e2930f'),
    ('4acdf8a8-c39e-42ad-a0c5-7a556b0df54b', 'STOCK', 'SoundHound AI, Inc.', 'SOUN', NULL, 'USD', '2bcbd047-9de4-4220-a385-d431544a942a', 'b16db3e3-e654-4c95-a58b-6afad208eec3'),
    ('c112dea9-4227-44b1-9283-60acade694fe', 'STOCK', 'Rheinmetall AG', 'RHM.DE', NULL, 'EUR', 'b3c1b9fe-5a55-4e9e-9f6c-2f6f2cd13c30', '1f410137-9bed-4209-aef0-dc162c8d5559'),
    ('4d2c27e8-dd0e-4eac-865e-9aabf7a84c83', 'STOCK', 'Vanguard S&P 500 UCITS ETF (Dist)', 'VUSA.L', 'Vanguard', 'GBP', '0cafbed5-1a23-4f1f-a5db-418c60b3e482', NULL),
    ('67af2278-42d1-4e2d-858b-6a255a4b997b', 'STOCK', 'Spotify Technology S.A.', 'SPOT', NULL, 'USD', 'e698eb12-504d-4247-b65c-ef711e4a0003', 'b8ddc5a5-d074-403e-a922-307aeda8c626'),
    ('a918d957-c365-4cc5-b20d-73de9ec98300', 'STOCK', 'Marvell Technology, Inc.', 'MRVL', NULL, 'USD', '2bcbd047-9de4-4220-a385-d431544a942a', 'cb6bbf55-ab2e-4b10-aa12-110e4ce1175e'),
    ('b4c8add9-dcf6-493d-aaa5-2a1fa91e7d70', 'STOCK', 'Credo Technology Group Holding Ltd', 'CRDO', NULL, 'USD', '2bcbd047-9de4-4220-a385-d431544a942a', '51d47b7b-a5a7-4b22-a028-8f6c0616144e'),
    ('c5c0bcf3-5ac1-48f2-ab10-e1880a907232', 'STOCK', 'Pfizer Inc.', 'PFE.DE', NULL, 'EUR', 'b3c1b9fe-5a55-4e9e-9f6c-2f6f2cd13c30', '960f212e-4e3f-4017-afa1-d0d4b97a4698'),
    ('ec7b54e6-9410-48f9-b0b9-722d5eedeeb4', 'STOCK', 'NVIDIA Corporation', 'NVDA', NULL, 'USD', '2bcbd047-9de4-4220-a385-d431544a942a', '6e14f4f8-fb9d-42eb-b44d-d27866fc5e52'),
    ('177ffc7d-8dba-4a97-88a5-674c5ad9a35d', 'STOCK', 'Strategy Inc', 'MSTR', NULL, 'USD', '2bcbd047-9de4-4220-a385-d431544a942a', '28491851-a1a8-4c0f-a7cd-b00154b0d5b1'),
    ('fea2cf4c-fd95-4a3e-a576-ee14d24a7275', 'STOCK', 'Alphabet Inc. (Class A)', 'GOOGL', NULL, 'USD', '2bcbd047-9de4-4220-a385-d431544a942a', 'e2780a53-619a-4368-aee0-2c24b2bd5e17'),
    ('b10c4bfa-81e1-428f-bc7f-ab9613a5bb9e', 'ETF', 'iShares MSCI Europe ex-UK GBP Hedged UCITS ETF (Dist)', 'EUXS.L', 'iShares', 'GBX', '0cafbed5-1a23-4f1f-a5db-418c60b3e482', NULL),
    ('b5e73d96-86e0-43d5-af1c-c6a5cae5e3a7', 'STOCK', 'CrowdStrike Holdings, Inc.', 'CRWD', NULL, 'USD', '2bcbd047-9de4-4220-a385-d431544a942a', 'ce8e02c4-8715-475e-b0ae-78765dfc7e4b'),
    ('1acf7fd1-2cd8-489d-8170-2f63482152f0', 'STOCK', 'JPMorgan Chase & Co.', 'JPM', NULL, 'USD', 'e698eb12-504d-4247-b65c-ef711e4a0003', '2f0bd51c-cb8f-4374-8ff5-9ce53ad54a9a'),
    ('261afd54-5b6d-475d-bd54-532a2d900405', 'STOCK', 'Coinbase Global, Inc.', 'COIN', NULL, 'USD', '2bcbd047-9de4-4220-a385-d431544a942a', '715219d5-625a-48b8-96ac-2348ed3a01f2'),
    ('9947b11a-69cb-4a8a-a4d0-dd822ac24491', 'STOCK', 'Vanguard FTSE All-World UCITS ETF (Acc)', 'VWRP.L', 'Vanguard', 'GBP', '0cafbed5-1a23-4f1f-a5db-418c60b3e482', NULL),
    ('9a246e26-17bd-4ea0-8824-c29b91c667b9', 'STOCK', 'Amazon.com, Inc.', 'AMZN', NULL, 'USD', '2bcbd047-9de4-4220-a385-d431544a942a', 'd879506c-833a-461d-8295-1e84a7cdbc4b'),
    ('1dfe41ba-3464-456d-8b51-7e21e4bf4a68', 'ETF', 'iShares Core S&P 500 UCITS ETF USD (Acc)', 'CSP1.L', 'iShares', 'GBX', '0cafbed5-1a23-4f1f-a5db-418c60b3e482', NULL),
    ('9bde077c-7934-4f4f-a892-68747cc6e57b', 'STOCK', 'McDonald''s Corporation', 'MCD', NULL, 'USD', 'e698eb12-504d-4247-b65c-ef711e4a0003', '486a144c-e530-46c9-88c2-6ed777a938d6'),
    ('940d090e-30d5-4133-86c7-9afed791abb5', 'ETF',  'Invesco EQQQ NASDAQ-100 UCITS ETF (Dist)', 'EQQQ.L', 'Invesco', 'GBX', '0cafbed5-1a23-4f1f-a5db-418c60b3e482', NULL),
    ('828c245a-3d71-494c-bcd9-9560fbef3616', 'STOCK', 'Oklo Inc.', 'OKLO', NULL, 'USD', 'e698eb12-504d-4247-b65c-ef711e4a0003', '2788a5f4-b897-4d0d-ba96-e449f3898728'),
    ('4cf3a1c2-1ce9-468a-bac3-4b229701314e', 'STOCK', 'Quantum Computing Inc.', 'QUBT', NULL, 'USD', '2bcbd047-9de4-4220-a385-d431544a942a', '82a2fd66-7ba7-485b-8f1c-801e6b697487'),
    ('c6efebc8-aef3-4581-9763-b795c3ab6659', 'STOCK', 'British American Tobacco p.l.c.', 'BATS.L', NULL, 'GBX', '0cafbed5-1a23-4f1f-a5db-418c60b3e482', 'bf0ed24d-6b44-4b3d-a90b-7802fa0fc2f8'),
    ('29ff00bf-a3e8-45e8-ba30-75e37b7a454d', 'STOCK', 'ING Groep N.V.', 'INGA.AS', NULL, 'EUR', '64777de8-a81a-4288-a11d-b8976d56f85a', '45444f59-a31c-4cc3-9aef-5a9839bef40c'),
    ('2e5b701b-28b4-4855-ad3a-2a5275a305e6', 'STOCK', 'Intuitive Machines, Inc.', 'LUNR', NULL, 'USD', '2bcbd047-9de4-4220-a385-d431544a942a', 'c3fb26aa-8b50-49d9-bfc0-e3a5d0c728cf'),
    ('113f2f97-ce2f-4556-a0f4-5e7d7ad4506d', 'STOCK', 'Danone S.A.', 'BN.PA', NULL, 'EUR', '258de74f-06ce-480b-85c5-2834e05cd7ac', '304d4f79-3bb1-4245-92fd-6d6f0ad18336'),
    ('30ce052d-2dba-4271-b6e3-1a034681853b', 'ETF', 'Vanguard S&P 500 UCITS ETF USD (Acc)', 'VUAA.MI', 'Vanguard', 'EUR', '08db89ad-c6c3-41d2-864a-650b410e9849', NULL),
    ('4936d8ac-27e8-46b1-b42d-b610c7fd1ea9', 'ETF', 'Invesco FTSE All-World UCITS ETF USD (Acc)', 'FWRG.L', 'Invesco', 'GBX', '0cafbed5-1a23-4f1f-a5db-418c60b3e482', NULL),
    ('8fc5029f-8fa1-4874-adc8-07efbc6c9d5e', 'ETF', 'iShares Core MSCI Europe UCITS ETF EUR (Acc)', 'EUNK.DE', 'iShares', 'EUR', 'b3c1b9fe-5a55-4e9e-9f6c-2f6f2cd13c30', NULL),
    ('a962865e-7e8f-45b1-805d-eee1733f8ef0', 'STOCK', 'Berkshire Hathaway Inc. (Class B)', 'BRK-B', NULL, 'USD', 'e698eb12-504d-4247-b65c-ef711e4a0003', '16f8364c-0367-431c-8370-68ad99383ad6'),
    ('42e35a5d-9958-47dc-8951-be1c98f0c81f', 'ETF', 'iShares MSCI Japan GBP Hedged UCITS ETF (Acc)', 'IJPH.L', 'iShares', 'GBP', '0cafbed5-1a23-4f1f-a5db-418c60b3e482', NULL),
    ('d36162a7-5b8c-46a0-bbfe-9f773a427f49', 'STOCK', 'Rocket Lab Corporation', 'RKLB', NULL, 'USD', '2bcbd047-9de4-4220-a385-d431544a942a', '4108028f-39cd-479a-b95a-c384ce796b70'),
    ('017c9024-e01c-4939-bbcd-79083424ffca', 'STOCK', 'Rigetti Computing, Inc.', 'RGTI', NULL, 'USD', '2bcbd047-9de4-4220-a385-d431544a942a', '44e123f9-bd58-43da-b434-ad5a77a5c941'),
    ('429cf96c-1bef-4e5d-8257-d75ed28ca606', 'STOCK', 'ASML Holding N.V.', 'ASML', NULL, 'USD', '2bcbd047-9de4-4220-a385-d431544a942a', '64aa3094-7b31-473f-a01c-a7584cf09de2'),
    ('d601f5e3-5850-4164-b31b-f5f11eb50755', 'STOCK', 'ASML Holding N.V.', 'ASML.AS', NULL, 'EUR', '64777de8-a81a-4288-a11d-b8976d56f85a', '64aa3094-7b31-473f-a01c-a7584cf09de2'),
    ('e28d6216-9090-4674-b7e3-02a96a0d5575', 'STOCK', 'Microsoft Corporation', 'MSF.DE', NULL, 'EUR', 'b3c1b9fe-5a55-4e9e-9f6c-2f6f2cd13c30', '01eea122-acd7-421e-a61e-1b510a1a2743'),
    ('61ed87a2-7956-4be7-a454-208ae9f322d3', 'STOCK', 'AST SpaceMobile, Inc.', 'ASTS', NULL, 'USD', '2bcbd047-9de4-4220-a385-d431544a942a', '291e25bf-82e3-4673-bfb6-339981d09edb'),
    ('a2c40951-27f5-4e09-907a-78e35e786206', 'STOCK', 'name', 'MIH.MU', NULL, 'EUR', 'd83686a5-214c-49fb-982e-a15954699385', '9647bf24-aa7c-493a-b8ac-912d94f82668'),
    ('9e3576fe-1e9e-41c3-8089-fefec9f420d0', 'ETF', 'HAN-GINS Tech Megatrend Equal Weight UCITS ETF (Acc)', 'ITEK.L', NULL, 'USD', '0cafbed5-1a23-4f1f-a5db-418c60b3e482', NULL),
    ('ab4c81ec-b4b8-4500-a187-326e834f9196', 'STOCK', 'Schneider Electric S.E.', 'SU.PA', NULL, 'EUR', '258de74f-06ce-480b-85c5-2834e05cd7ac', 'e33788e9-29c3-46c5-9234-da6beb0189e8'),
    ('e5a8517d-0a40-4617-b659-6a032a279dac', 'STOCK', 'Chevron Corporation', 'CVX', NULL, 'USD', 'e698eb12-504d-4247-b65c-ef711e4a0003', 'e5a8517d-0a40-4617-b659-6a032a279dac'),
    ('5db84264-80bf-4ac2-b2ec-4c00ebcb1a21', 'ETF', 'iShares NASDAQ 100 UCITS ETF USD (Acc)', 'CNX1.L', 'iShares', 'GBX', '0cafbed5-1a23-4f1f-a5db-418c60b3e482', NULL),
    ('31591987-6fc2-448d-b32b-4dd33c28a16b', 'STOCK', 'CoreWeave, Inc.', 'CRWV', NULL, 'USD', '2bcbd047-9de4-4220-a385-d431544a942a', 'eb0d6ccb-5e8d-499f-bda7-206e8c3d101f'),
    ('24070ba3-6675-46e7-a2a4-47737dfa2152', 'ETF', 'VanECK Space UCITS ETF R (Acc)', 'JEDI.MU', 'VanECK', 'EUR', 'b3c1b9fe-5a55-4e9e-9f6c-2f6f2cd13c30', NULL),
    ('8a83a5fc-e658-439a-8906-89153ab96a6e', 'STOCK', 'IonQ, Inc.', 'IONQ', NULL, 'USD', 'e698eb12-504d-4247-b65c-ef711e4a0003', '7e6b89d7-8813-4d89-adbe-f8d10b11d449'),
    ('fc32957f-dc7b-4b9a-b8e9-5098a9ccb8fd', 'STOCK', 'Joby Aviation, Inc.', 'JOBY', NULL, 'USD', 'e698eb12-504d-4247-b65c-ef711e4a0003', 'ddca1cc2-9867-4ef4-9bdd-bcc767ed812b'),
    ('bb3ca0dd-824b-412d-bc19-a2302c93229d', 'ETF', 'Global X Uranium UCITS ETF USD (Acc)', 'URNU.L', NULL, 'USD', '0cafbed5-1a23-4f1f-a5db-418c60b3e482', NULL),
    ('e70da300-301a-48b4-a9b7-d6cc62a275df', 'STOCK', 'BNP Paribas SA', 'BNP.PA', NULL, 'EUR', '258de74f-06ce-480b-85c5-2834e05cd7ac', '6c85e76b-27ed-44cc-b2b4-243207e0d7c3'),
    ('d2051137-a149-4a0f-8279-fd0ff1ff5bce', 'STOCK', 'Siemens Energy AG', 'ENR.DE', NULL, 'EUR', 'b3c1b9fe-5a55-4e9e-9f6c-2f6f2cd13c30', 'ee734d88-439e-41d7-8e73-f297cb63b199'),
    ('0dbb894f-ce20-49f8-b09e-082482fb3bca', 'STOCK', 'Taiwan Semiconductor Manufacturing Company Limited', 'TSM', NULL, 'USD', 'e698eb12-504d-4247-b65c-ef711e4a0003', 'ef35ea1e-bd96-4d25-93d3-10d1df8d4443'),
    ('c3e39006-ce14-4710-8593-7d495b9e3acf', 'STOCK', 'Tesla, Inc.', 'TSLA', NULL, 'USD', '2bcbd047-9de4-4220-a385-d431544a942a', 'a0a9f0f0-460d-49de-9a1c-b8875838f098'),
    ('1b393c47-f606-451a-a78e-e632e0934c52', 'STOCK', 'Swiss Re AG', 'SREN.SW', NULL, 'CHF', '6dcc99d9-8812-40f4-a439-ae0db1034388', 'b0e597d7-588c-4ca2-a8cc-f351b12ecda9'),
    ('3e23a605-d365-4899-a0cf-9195872c34b5', 'STOCK', 'D-Wave Quantum Inc.', 'QBTS', NULL, 'USD', 'e698eb12-504d-4247-b65c-ef711e4a0003', 'd496f8f9-6ad0-4761-9c8d-9e54b1428e56'),
    ('0fe95d56-be4d-4e15-a06b-fda00130fc40', 'ETF', 'WisdomTree Silver', 'SLVR.L', 'WisdomTree', 'USD', '0cafbed5-1a23-4f1f-a5db-418c60b3e482', NULL),
    ('a82f3551-f7df-42b5-a934-fddf43d02175', 'ETF', 'iShares $ Treasury Bond 0-1yr UCITS ETF', 'IB01.L', 'iShares', 'USD', '0cafbed5-1a23-4f1f-a5db-418c60b3e482', NULL),
    ('250ba221-f82c-4d79-91e8-cfa539256d4f', 'ETF', 'iShares Silver Trust', 'SLV', 'iShares', 'USD', 'e698eb12-504d-4247-b65c-ef711e4a0003', NULL),
    ('b09b00a5-3153-41e9-b089-e8b409f54c48', 'STOCK', 'AB SKF (Class B)', 'SKF-B.ST', NULL, 'SEK', '7d9ee083-742b-4af9-9eeb-717f2bb3a3f0', 'ba34bf61-21ab-4f00-beec-139944f8d36c'),
    ('40b35093-06c8-40e6-8ab9-05a6dbe30d68', 'ETF', 'iShares VII PLC -iShares Core MSCI EMU UCITS ETF EUR (Acc)', 'SXR7.DE', 'iShares', 'EUR', 'b3c1b9fe-5a55-4e9e-9f6c-2f6f2cd13c30', NULL),
    ('25072eb9-f4fc-4d49-9366-bb211ee17c70', 'STOCK', 'Intesa Sanpaolo S.p.A.', 'ISP.MI', NULL, 'EUR', '08db89ad-c6c3-41d2-864a-650b410e9849', '0b26dea0-146b-4214-8073-ab995d470a8b'),
    ('194c2afc-ffd3-44c1-8b01-e666864bc59b', 'STOCK', 'Dassault Aviation société anonyme', 'AM.PA', NULL, 'EUR', '258de74f-06ce-480b-85c5-2834e05cd7ac', '58abc400-be6a-4722-8eb5-e59dca12369b'),
    ('0fa99474-638a-4313-bb9f-81ebe87bbc65', 'ETF', 'SPDR S&P 500 UCITS ETF', 'SPY5.L', 'SPDR', 'USD', '0cafbed5-1a23-4f1f-a5db-418c60b3e482', NULL),
    ('c342c045-c36e-49e9-a65c-41dbe1374495', 'ETF', 'iShares Gold Trust', 'IAU', 'iShares', 'USD', 'e698eb12-504d-4247-b65c-ef711e4a0003', NULL),
    ('d9363770-d91b-4913-8973-b236e0371768', 'ETF', 'iShares NASDAQ 100 UCITS ETF USD (Acc)', 'CNDX.L', 'iShares', 'USD', '0cafbed5-1a23-4f1f-a5db-418c60b3e482', NULL),
    ('3086c71b-8bc9-42e0-b47e-c6f2c5599ba0', 'STOCK', 'Dell Technologies Inc.', 'DELL', NULL, 'USD', 'e698eb12-504d-4247-b65c-ef711e4a0003', '26f8f5d8-56ee-4aa6-9123-a0818d8fcfbc'),
    ('06ee459e-be55-4e9a-ac35-26d1cf8592eb', 'STOCK', 'Deutsche Telekom AG', 'DTE.DE', NULL, 'EUR', 'b3c1b9fe-5a55-4e9e-9f6c-2f6f2cd13c30', '710330da-3443-44be-bd2e-321b7e562224'),
    ('77d02e3e-9a66-4d0f-b09b-3f981fd03601', 'STOCK', 'Iveco Group N.V.', 'IVG.MI', NULL, 'EUR', '08db89ad-c6c3-41d2-864a-650b410e9849', 'c91940cd-224a-4d33-87af-5f41d66235f7'),
    ('188936e8-c419-421a-8813-d5c81e325713', 'ETF', 'iShares Core S&P 500 ETF (Dist)', 'IVV', 'iShares', 'USD', 'e698eb12-504d-4247-b65c-ef711e4a0003', NULL),
    ('4aa41c1f-5285-4e93-8ef2-4a1171e90882', 'ETF', 'Invesco QQQ Trust', 'QQQ', 'Invesco', 'USD', '2bcbd047-9de4-4220-a385-d431544a942a', NULL),
    ('465fa574-db49-4091-852b-d3208f947325', 'STOCK', 'Ferrari N.V.', 'RACE', NULL, 'USD', '2bcbd047-9de4-4220-a385-d431544a942a', '0bd1ae88-b62e-4096-832b-2fe6693fb2ef'),
    ('ee071f38-7339-4242-a0dd-66862c28587a', 'STOCK', 'Saab AB', 'SAABB.ST', NULL, 'SEK', '7d9ee083-742b-4af9-9eeb-717f2bb3a3f0', 'e42e7986-be76-4b98-9d02-e93fdd8b19fe'),
    ('f72ab37b-8ef8-427c-9660-df243595e2cb', 'ETF', 'iShares Core EURO STOXX 50 UCITS ETF EUR (Dist)', 'EUN2.DE', 'iShares', 'EUR', 'b3c1b9fe-5a55-4e9e-9f6c-2f6f2cd13c30', NULL),
    ('f71be082-9fc5-4357-81d2-7ae891bbc5d0', 'STOCK', 'UniCredit S.p.A.', 'UCG.MI', NULL, 'EUR', '08db89ad-c6c3-41d2-864a-650b410e9849', '416bd8da-b6f0-40c6-a3b4-26484eae8371'),
    ('142cae00-06fe-465f-bbac-4741caf74cc9', 'ETF', 'WisdomTree Core Physical Gold USD ETC', 'WGLD.L', 'WisdomTree', 'USD', '0cafbed5-1a23-4f1f-a5db-418c60b3e482', NULL),
    ('06dbed44-2634-4aa7-8282-fad229f6b51e', 'STOCK', 'Walmart Inc.', 'WMT', NULL, 'USD', 'e698eb12-504d-4247-b65c-ef711e4a0003', 'f8972c5f-91a1-4baa-b0f4-c8f6d2b0b4cc'),
    ('0f435248-02f9-41cb-8a1a-f8a7e073961e', 'STOCK', 'ZIM Integrated Shipping Services Ltd.', 'ZIM', NULL, 'USD', 'e698eb12-504d-4247-b65c-ef711e4a0003', '268ade02-0b79-4449-9f91-95e77dd48d14'),
    ('a9d76c3b-f525-4aab-b9ea-7bb222c82650', 'STOCK', 'Sony Group Corporation', 'SONY', NULL, 'USD', 'e698eb12-504d-4247-b65c-ef711e4a0003', 'c20d6151-8d06-42d8-a0a2-5fe3ffee7b53'),
    ('d36ad555-cf04-44e6-afe2-6abd48cea6b1', 'STOCK', 'Netflix, Inc.', 'NFLX', NULL, 'USD', '2bcbd047-9de4-4220-a385-d431544a942a', '481264bf-d68e-4a23-b388-7db44b94fa95'),
    ('f81953c2-18f3-442d-a385-5a6b5cd200b7', 'STOCK', 'Constellation Energy Corporation', 'CEG', NULL, 'USD', '2bcbd047-9de4-4220-a385-d431544a942a', 'd48b9d09-3763-45ab-aaf2-44c28a2552c9'),
    ('13c69d18-28ab-4868-a75b-540f321f78ce', 'STOCK', 'Eli Lilly and Company', 'LLY', NULL, 'USD', 'e698eb12-504d-4247-b65c-ef711e4a0003', 'ecdc29cc-f4b5-4f2b-a2be-d11714280cfe'),
    ('aefd4388-9cd8-4531-8211-89896bc19052', 'STOCK', 'Visa Inc.', 'V', NULL, 'USD', 'e698eb12-504d-4247-b65c-ef711e4a0003', '1bd7f15f-e2a0-4d05-9ca0-f9cea2be14ad'),
    ('6d223203-79e9-43bb-9464-5affdc8ce097', 'STOCK', 'Sony Financial Group Inc.', 'SFGYY', NULL, 'USD', '15d0214e-53f6-4aee-ba76-e88176469db9', '1a133e08-5fdb-4a3f-8650-5b88ad4e6feb'),
    ('c9d8f0da-45dc-4682-972b-beba6a16d75d', 'ETF', 'Invesco S&P 500 UCITS ETF (Dist)', 'D500.DE', 'Invesco', 'EUR', 'b3c1b9fe-5a55-4e9e-9f6c-2f6f2cd13c30', NULL),
    ('3cd133b1-1207-40fe-b91b-ab3e62afbfa6', 'ETF', 'iShares MSCI Europe ESG Enhanced CTB UCITS ETF EUR Inc (Dist)', 'EMNU.DE', 'iShares', 'EUR', 'b3c1b9fe-5a55-4e9e-9f6c-2f6f2cd13c30', NULL),
    ('5c526cd2-44f6-4de7-b5ea-fd83e081bf35', 'ETF', 'HSBC MSCI World UCITS ETF (Dist)', 'H4ZJ.DE', 'HSBC', 'EUR', 'b3c1b9fe-5a55-4e9e-9f6c-2f6f2cd13c30', NULL),
    ('6024a513-45cf-4146-9d6f-cba3efd78e60', 'ETF', 'iShares VII PLC - iShares NASDAQ 100 UCITS ETF (Acc)', 'NQSE.DE', 'iShares', 'EUR', 'b3c1b9fe-5a55-4e9e-9f6c-2f6f2cd13c30', NULL)
;

INSERT INTO asset_aliases (id, asset_id, platform, external_symbol)
VALUES
    ('0643eeb3-061f-4a1b-91c2-7015e53def28', 'a2e818c7-416b-4561-b25b-af8cf2307578', 'TRADING212', 'JNJ'),
    ('4c0f8228-78ea-4f18-8f8b-5b3e1f83fc63', '3e367f20-5253-42ea-8598-2280a9630704', 'TRADING212', 'IBM'),
    ('5f5e1c3a-9d4b-4e2e-8f4b-2e5f6c3d7a8b', '2314d8b1-0e0a-4fdc-becc-01ec3dc0cbec', 'TRADING212', 'ROG'),
    ('80a0ae28-d38e-4dd6-b452-f97e98676314', '9f4c8e2d-3b6a-4f5e-9c1d-2e5f6c3d7a8c', 'TRADING212', 'HSBA'),
    ('57a1943e-91c3-44a8-a36b-bc644e23253d', '80835d4f-47db-4756-a6b4-b216404c7706', 'TRADING212', 'SAN'),
    ('1b2c3d4e-5f6a-7b8c-9d0e-1f2a3b4c5d6e', 'd4f5e6a7-b8c9-0d1e-2f3a-4b5c6d7e8f90', 'TRADING212', 'AIR'),
    ('42ea2c64-9ee0-4731-afee-941c28547f22', 'c3b4d5e6-f7a8-9b0c-d1e2-f3a4b5c6d7e8', 'TRADING212', 'SIE'),
    ('5e292511-6ed4-4ed8-9624-5a8701c46f88', '111c1ded-f1b2-41a9-aecc-5dd25dc4ad31', 'TRADING212', 'DBK'),
    ('d1f2e3d4-c5b6-a7b8-9c0d-e1f2a3b4c5d6', '91966245-4129-470e-b075-680f0623b476', 'TRADING212', 'SAP'),
    ('e5f6a7b8-c9d0-e1f2-a3b4-c5d6e7f8091a', '94fb39b3-0464-4244-ba39-b0e343d78318', 'TRADING212', 'ULVR'),
    ('f1b2c3d4-e5f6-7890-abcd-ef0123456789', 'a3b2c1d4-e5f6-7890-abcd-ef0123456789', 'TRADING212', 'NOVN'),
    ('ab12cd34-ef56-7890-abcd-ef0123456789', '36a4699c-c185-4399-912d-35a17b8f22f6', 'TRADING212', 'ALV'),
    ('bc23de45-f678-90ab-cdef-0123456789ab', 'ca3717a7-df4e-4474-994f-6d5a8bd32bb4', 'TRADING212', 'AAPL'),
    ('cd34ef56-7890-abcd-ef01-23456789abcd', '9f4c8e2d-3b6a-4f5e-9c1d-2e5f6c3d7a8d', 'TRADING212', 'META'),
    ('ed21382f-2fb8-4f17-935d-7d1b21e9baf9', '1c46d982-868f-4565-a8a1-4e2f29f54d8b', 'TRADING212', 'MARA'),
    ('b201ddb0-0598-4631-8ba0-aed6d4693fbf', '0ac84421-d8a5-4412-a2fd-1aafc90bb044', 'TRADING212', 'AVGO'),
    ('77ab473e-1459-49b7-a9cf-d4986a911307', '3156dcad-1744-4991-9698-409b0e2bb4ee', 'TRADING212', 'EQSG'),
    ('0e7fce64-eb7c-463c-acef-0913dab89f5a', '99d7f31a-0c82-4636-ae02-fd117ac1875d', 'TRADING212', 'MSFT'),
    ('d472bdff-c4b8-4893-b3ff-5fd2aa6404d9', 'a77c55a5-28fa-4895-b85b-1a57c4451ad3', 'TRADING212', 'BAC'),
    ('c811d3f4-4f61-4e06-9b54-d6098d8e2249', '4129fee0-7a1a-4ee3-b5a1-9a1ea8875886', 'TRADING212', 'ORCL'),
    ('33ab2867-825a-4ae9-8e8f-250f6a9545e5', '2ac726b1-bdb9-4d4e-873c-806958ff80a8', 'TRADING212', 'RR'),
    ('89657cb4-8aed-4fd7-a893-a4c6e137c3db', '134c251f-f7dd-4c45-9f9e-0983ee088d09', 'TRADING212', 'BARC'),
    ('f4f2463d-494f-42eb-9cbc-9093e8848f25', '80590abb-8c9d-46ae-b76a-51acfbcbe422', 'TRADING212', 'IBKR'),
    ('e99a787e-c5f5-4bc8-bfa0-0197e44c4416', 'd38008ec-21a0-4498-a224-5e9c48cb9a82', 'TRADING212', 'CRM'),
    ('a02271e3-27b2-4055-9d77-3ec088312efb', 'aa491ae0-a832-41f2-9354-6d158c23e399', 'TRADING212', 'EEJG'),
    ('9f399f58-1cbf-4f8a-a178-6e831a896474', 'd993242f-7074-4fd1-8081-ef2a56338970', 'TRADING212', 'KO'),
    ('8d1db88e-c360-407a-8f8f-b1c2ccf95f04', '8571c932-dd11-4d38-9545-41fa6c0ee2ab', 'TRADING212', 'IITU'),
    ('1a6ea632-0bfc-434b-8c8a-b9996570fc57', 'b93460cc-263c-401c-8a03-5f798deb2746', 'TRADING212', 'PLUS'),
    ('d05f0571-68e9-4013-9bae-70289a65dcad', 'b10c1dbf-6497-41b1-92f5-8f2d0e292dc7', 'TRADING212', 'PG'),
    ('f8823fba-57f4-41f9-831e-fd35cc625253', '8c6f483b-398f-4f19-9290-7d566a40ba98', 'TRADING212', 'NVO'),
    ('44ba300a-0257-4959-8f08-8e05268d8730', 'ebe535d7-32f2-4c19-91de-4eb1b2af04a0', 'TRADING212', 'SMSN'),
    ('f0b70bb5-899e-4c1c-ac9a-249ce7e4d7f0', '779e9c90-9622-4e70-8d9c-8e18ac1c39ec', 'TRADING212', 'QCOM'),
    ('3a5b44c0-b138-4955-bc00-63622a1835b4', '4acdf8a8-c39e-42ad-a0c5-7a556b0df54b', 'TRADING212', 'SOUN'),
    ('45a5fea8-3730-4528-86b4-43a3ddb3ca83', 'c112dea9-4227-44b1-9283-60acade694fe', 'TRADING212', 'RHM'),
    ('4666d204-f37e-4c6b-b920-5229d1c66638', '4d2c27e8-dd0e-4eac-865e-9aabf7a84c83', 'TRADING212', 'VUSA'),
    ('e3ef6693-373e-47f8-8c4f-f6b136c6b029', '67af2278-42d1-4e2d-858b-6a255a4b997b', 'TRADING212', 'SPOT'),
    ('e86da510-b927-4013-85bd-4678e1c92620', 'a918d957-c365-4cc5-b20d-73de9ec98300', 'TRADING212', 'MRVL'),
    ('63fef0ff-e417-4d3d-aed1-3f3e7f0924e2', 'b4c8add9-dcf6-493d-aaa5-2a1fa91e7d70', 'TRADING212', 'CRDO'),
    ('08d408dd-e0c4-4982-b918-b7d520c688dc', 'c5c0bcf3-5ac1-48f2-ab10-e1880a907232', 'TRADING212', 'PFE'),
    ('9f21d62e-cda1-4bf2-8fc1-177489b224b7', 'ec7b54e6-9410-48f9-b0b9-722d5eedeeb4', 'TRADING212', 'NVDA'),
    ('0728b94d-94ec-4bd0-a1ca-875cc55bd7c7', '177ffc7d-8dba-4a97-88a5-674c5ad9a35d', 'TRADING212', 'MSTR'),
    ('025369b8-cf75-43d1-81a1-a981825a2cd0', 'fea2cf4c-fd95-4a3e-a576-ee14d24a7275', 'TRADING212', 'GOOGL'),
    ('b3ebcb0f-290c-4d09-acbc-85fa1449f48a', 'b10c4bfa-81e1-428f-bc7f-ab9613a5bb9e', 'TRADING212', 'EUXS'),
    ('5e41bbc3-8f5d-42c9-8df7-e50a760bafec', 'b5e73d96-86e0-43d5-af1c-c6a5cae5e3a7', 'TRADING212', 'CRWD'),
    ('f1faf102-d96b-46ca-b208-29c354036525', '1acf7fd1-2cd8-489d-8170-2f63482152f0', 'TRADING212', 'JPM'),
    ('f2a1445e-b4fe-4814-ab75-01cdf8e5a792', '261afd54-5b6d-475d-bd54-532a2d900405', 'TRADING212', 'COIN'),
    ('1e2d2f41-f25c-4de4-987d-5f2361602966', '9947b11a-69cb-4a8a-a4d0-dd822ac24491', 'TRADING212', 'VWRP'),
    ('be01130b-a4d2-496e-b5e3-c73d9bfccdf0', '9a246e26-17bd-4ea0-8824-c29b91c667b9', 'TRADING212', 'AMZN'),
    ('60bebaad-8147-4aba-94d3-d16983c06a71', '1dfe41ba-3464-456d-8b51-7e21e4bf4a68', 'TRADING212', 'CSP1'),
    ('82a2fd66-7ba7-485b-8f1c-801e6b697487', '9bde077c-7934-4f4f-a892-68747cc6e57b', 'TRADING212', 'MCD'),
    ('f923712c-15fc-44ad-8f47-b0676225afc3', '940d090e-30d5-4133-86c7-9afed791abb5', 'TRADING212', 'EQQQ'),
    ('c22b8f97-bcea-48b2-9738-219a92cde0be', '828c245a-3d71-494c-bcd9-9560fbef3616', 'TRADING212', 'OKLO'),
    ('77bf0b73-e6fb-4495-96cd-604e57f13acc', '4cf3a1c2-1ce9-468a-bac3-4b229701314e', 'TRADING212', 'QUBT'),
    ('5ef3357d-e06f-4dcd-8a6e-08d54c78f8fb', 'c6efebc8-aef3-4581-9763-b795c3ab6659', 'TRADING212', 'BATS'),
    ('d3cebf5e-1e37-4153-9abe-aa31201367ad', '29ff00bf-a3e8-45e8-ba30-75e37b7a454d', 'TRADING212', 'INGA'),
    ('ca7909de-debc-45a0-8b51-37e42732b301', '2e5b701b-28b4-4855-ad3a-2a5275a305e6', 'TRADING212', 'LUNR'),
    ('97e59bdb-fd46-47e2-a91d-83f59a1eab43', '113f2f97-ce2f-4556-a0f4-5e7d7ad4506d', 'TRADING212', 'BN'),
    ('ecee28cc-8064-4dd4-bd42-3f757cd15392', '30ce052d-2dba-4271-b6e3-1a034681853b', 'TRADING212', 'VUAA'),
    ('de98f8b0-ad3b-43ac-a25a-85b39acd4eaf', '4936d8ac-27e8-46b1-b42d-b610c7fd1ea9', 'TRADING212', 'FWRG'),
    ('b9335745-b310-43b0-953d-eb661e2c8358', '8fc5029f-8fa1-4874-adc8-07efbc6c9d5e', 'TRADING212', 'EUNK'),
    ('2fee6daa-1585-41d8-9afe-c51208970621', 'a962865e-7e8f-45b1-805d-eee1733f8ef0', 'TRADING212', 'BRK.B'),
    ('092a75a7-ffcc-4a97-84a1-a0683bf3c005', '42e35a5d-9958-47dc-8951-be1c98f0c81f', 'TRADING212', 'IJPH'),
    ('bb220fba-27b7-4f33-b30d-a87de972ef68', 'd36162a7-5b8c-46a0-bbfe-9f773a427f49', 'TRADING212', 'RKLB'),
    ('055dbd55-4816-4311-a598-9dbcdab2bd26', '017c9024-e01c-4939-bbcd-79083424ffca', 'TRADING212', 'RGTI'),
    ('13249cdc-8494-473f-99b9-3414472724d4', 'd601f5e3-5850-4164-b31b-f5f11eb50755', 'TRADING212', 'ASML'),
    ('660d5505-acbb-4ae6-b991-7ed9564d5bbb', 'e28d6216-9090-4674-b7e3-02a96a0d5575', 'TRADING212', 'MSF'),
    ('63d9e0ff-b6b9-4102-b9cb-d3f0947be41e', '61ed87a2-7956-4be7-a454-208ae9f322d3', 'TRADING212', 'ASTS'),
    ('418106a2-ae37-4d1c-9eb3-049b7d20c912', 'a2c40951-27f5-4e09-907a-78e35e786206', 'TRADING212', 'MIH'),
    ('d4ccc037-a7cd-4cfc-adb9-853f8d936444', '9e3576fe-1e9e-41c3-8089-fefec9f420d0', 'TRADING212', 'ITEK'),
    ('11b0b829-17ff-44ad-b25a-84cb6f2b53ed', 'ab4c81ec-b4b8-4500-a187-326e834f9196', 'TRADING212', 'SU'),
    ('1cd5031a-7307-4aa5-b1c3-e90735468e65', 'e5a8517d-0a40-4617-b659-6a032a279dac', 'TRADING212', 'CVX'),
    ('5067cfad-5b9d-4e1b-b02c-4086c2f164fc', '5db84264-80bf-4ac2-b2ec-4c00ebcb1a21', 'TRADING212', 'CNX1'),
    ('7b7c80d0-5cb8-475e-b2b6-1b8daf09e044', '31591987-6fc2-448d-b32b-4dd33c28a16b', 'TRADING212', 'CRWV'),
    ('bde689fa-7bcb-48f2-a98e-84b8ca1136de', '24070ba3-6675-46e7-a2a4-47737dfa2152', 'TRADING212', 'JEDI'),
    ('b1b731d9-6b80-4675-9db5-dda35df6915d', '8a83a5fc-e658-439a-8906-89153ab96a6e', 'TRADING212', 'IONQ'),
    ('0742f4d2-b96e-4f38-b065-5b7ebe451683', 'fc32957f-dc7b-4b9a-b8e9-5098a9ccb8fd', 'TRADING212', 'JOBY'),
    ('53b80fe3-4b60-43a1-828f-758ba78da1d5', 'bb3ca0dd-824b-412d-bc19-a2302c93229d', 'TRADING212', 'URNU'),
    ('d3cabd62-b424-4410-b13e-78b5f8c7f6ee', 'e70da300-301a-48b4-a9b7-d6cc62a275df', 'TRADING212', 'BNP'),
    ('733d5e3d-c80b-43b1-bb5a-bf805bf4c99c', 'd2051137-a149-4a0f-8279-fd0ff1ff5bce', 'TRADING212', 'ENR'),
    ('223f6ca7-2275-4263-ac4b-2bec4204f7dd', '0dbb894f-ce20-49f8-b09e-082482fb3bca', 'TRADING212', 'TSM'),
    ('03189ce2-0d53-4bfa-81d1-823d8c0d4f51', 'c3e39006-ce14-4710-8593-7d495b9e3acf', 'TRADING212', 'TSLA'),
    ('9da9fae9-9400-4f31-807e-a696ab13978b', '1b393c47-f606-451a-a78e-e632e0934c52', 'TRADING212', 'SREN'),
    ('707761d2-64ed-4b7c-883e-1fa95f7ffbeb', '3e23a605-d365-4899-a0cf-9195872c34b5', 'TRADING212', 'QBTS'),

    ('dca31bb9-743c-4345-83ea-416991b757ea', '3e367f20-5253-42ea-8598-2280a9630704', 'ETORO', 'IBM'),
    ('4fe5a662-9d2b-4bcf-b07f-72c45b8f504b', '2314d8b1-0e0a-4fdc-becc-01ec3dc0cbec', 'ETORO', 'ROG.ZU'),
    ('21993b85-8cb4-4308-8cf9-0ccd70169da3', 'd4f5e6a7-b8c9-0d1e-2f3a-4b5c6d7e8f90', 'ETORO', 'AIR'),
    ('b9d2d4cb-f73c-46d1-9048-8b35328b3beb', 'c3b4d5e6-f7a8-9b0c-d1e2-f3a4b5c6d7e8', 'ETORO', 'SIE.DE'),
    ('91966245-4129-470e-b075-680f0623b476', '9f1e2d3c-4b5a-6c7d-8e9f-0a1b2c3d4e5f', 'ETORO', 'DB'),
    ('c859a4cc-c922-4c18-b9bb-cdaaded486da', '91966245-4129-470e-b075-680f0623b476', 'ETORO', 'SAP.DE'),
    ('4861b90a-0027-4d65-99a4-73700c25a1b2', '9f4c8e2d-3b6a-4f5e-9c1d-2e5f6c3d7a8d', 'ETORO', 'META'),
    ('7b6eff16-e0d2-4f33-a870-2edcb5b49888', '2ac726b1-bdb9-4d4e-873c-806958ff80a8', 'ETORO', 'RR.L'),
    ('510cb7df-cbe3-4c31-a882-15ffcd84438f', '134c251f-f7dd-4c45-9f9e-0983ee088d09', 'ETORO', 'BARC.L'),
    ('a2d9462a-9d8f-4adc-aba2-074975304c1e', 'c112dea9-4227-44b1-9283-60acade694fe', 'ETORO', 'RHM.DE'),
    ('fb418f5e-6ae4-4645-9b92-41f6b9e26176', 'ec7b54e6-9410-48f9-b0b9-722d5eedeeb4', 'ETORO', 'NVDA'),
    ('d1ab411b-49b2-40b1-b24d-ed9a45274062', '9a246e26-17bd-4ea0-8824-c29b91c667b9', 'ETORO', 'AMZN'),
    ('4abae52a-2170-4336-8d9a-be496594ec73', '29ff00bf-a3e8-45e8-ba30-75e37b7a454d', 'ETORO', 'INGA.NV'),
    ('0248e532-2b4b-46c3-b8f2-17e1c0f15a03', '113f2f97-ce2f-4556-a0f4-5e7d7ad4506d', 'ETORO', 'BN.PA'),
    ('40818649-ea39-4ee4-9881-97978f8d6ae0', 'd2051137-a149-4a0f-8279-fd0ff1ff5bce', 'ETORO', 'ENR.DE'),
    ('28f9bb71-3f0c-440a-b451-4a3f8de18939', '0dbb894f-ce20-49f8-b09e-082482fb3bca', 'ETORO', 'TSM'),
    ('803d363d-3f24-4c41-bfe3-0794cf6ff76f', '36a4699c-c185-4399-912d-35a17b8f22f6', 'ETORO', 'ALV.DE'),
    ('1936a76a-829b-4185-9405-8f1ea952e4c8', '0fe95d56-be4d-4e15-a06b-fda00130fc40', 'ETORO', 'SLVR.L'),
    ('27067033-fd5a-4cba-9816-0428c667d089', 'a82f3551-f7df-42b5-a934-fddf43d02175', 'ETORO', 'IB01.L'),
    ('83655f4d-6d8b-4072-9ab4-6cc309fe15cd', '250ba221-f82c-4d79-91e8-cfa539256d4f', 'ETORO', 'SLV'),
    ('7965e1a6-ceb0-439a-a9ad-e05073569772', 'b09b00a5-3153-41e9-b089-e8b409f54c48', 'ETORO', 'SKF-B.ST'),
    ('80146039-84d7-4db2-8499-58890c86f8c4', '40b35093-06c8-40e6-8ab9-05a6dbe30d68', 'ETORO', 'SXR7.DE'),
    ('19bd7d72-87f8-483e-a40f-960cf62947cb', '25072eb9-f4fc-4d49-9366-bb211ee17c70', 'ETORO', 'ISP'),
    ('2bc0ae01-bcba-4d8d-a3f7-dfce7045e0bc', '25072eb9-f4fc-4d49-9366-bb211ee17c70', 'ETORO', 'ISP.MI'),
    ('574cbe05-4932-4823-a705-16e196ffcbae', '194c2afc-ffd3-44c1-8b01-e666864bc59b', 'ETORO', 'AM.PA'),
    ('4820b456-87a7-4655-b4de-fb3cf0fd5c3f', '0fa99474-638a-4313-bb9f-81ebe87bbc65', 'ETORO', 'SPY5.L'),
    ('33f9e08e-19c3-4e53-8c39-b0d62b1aa003', 'c342c045-c36e-49e9-a65c-41dbe1374495', 'ETORO', 'IAU'),
    ('c65782b7-135a-4203-bbdd-f3fc55e987b5', '113f2f97-ce2f-4556-a0f4-5e7d7ad4506d', 'ETORO', 'BN'),
    ('74f4f6a0-d803-47b5-989a-3250418ddc4c', '113f2f97-ce2f-4556-a0f4-5e7d7ad4506d', 'ETORO', 'BN.PA'),
    ('4294a6a4-b2c7-4345-827b-a3b04bb08a86', 'd9363770-d91b-4913-8973-b236e0371768', 'ETORO', 'CNDX.L'),
    ('93d7d130-0c5c-4078-af18-c1b866c8f826', '3086c71b-8bc9-42e0-b47e-c6f2c5599ba0', 'ETORO', 'DELL'),
    ('70e0ed28-bbaf-47fb-b99b-d5a08af1603e', '06ee459e-be55-4e9a-ac35-26d1cf8592eb', 'ETORO', 'DTE.DE'),
    ('0ebcd4be-183a-4304-ad06-a6f2a861939d', '77d02e3e-9a66-4d0f-b09b-3f981fd03601', 'ETORO', 'IVG.MI'),
    ('e618557f-2b55-46a7-85e7-d6c7cb1af7e4', '188936e8-c419-421a-8813-d5c81e325713', 'ETORO', 'IVV'),
    ('2c2c9d7a-f319-42bb-88d2-52b6e5695b9e', '4aa41c1f-5285-4e93-8ef2-4a1171e90882', 'ETORO', 'QQQ'),
    ('c58296ff-862b-456c-b6d1-63c5e88367d2', '465fa574-db49-4091-852b-d3208f947325', 'ETORO', 'RACE'),
    ('b13681eb-5bce-46bb-beff-b100bb5d1931', 'ee071f38-7339-4242-a0dd-66862c28587a', 'ETORO', 'SAABB.ST'),
    ('cc38d378-ce71-44d6-b255-b9546bcae47d', 'f72ab37b-8ef8-427c-9660-df243595e2cb', 'ETORO', 'SX5EEX.DE'),
    ('315e23d7-2edc-4fa1-95fa-45657a434527', 'f71be082-9fc5-4357-81d2-7ae891bbc5d0', 'ETORO', 'UCG'),
    ('1636d238-f650-4ec0-a1ef-7733942621a4', 'f71be082-9fc5-4357-81d2-7ae891bbc5d0', 'ETORO', 'UCG.MI'),
    ('52f6f2b8-6903-443f-b453-8af24c6e1971', '142cae00-06fe-465f-bbac-4741caf74cc9', 'ETORO', 'WGLD.L'),
    ('cc11c98a-20aa-41d0-b84b-d583f1fb6831', '06dbed44-2634-4aa7-8282-fad229f6b51e', 'ETORO', 'WMT'),

    ('3662a0a0-66c1-407f-93d7-92fea293aece', 'ca3717a7-df4e-4474-994f-6d5a8bd32bb4', 'IBKR', 'AAPL'),
    ('6e08e85f-7b74-4dd3-bf73-afd80c270462', '0ac84421-d8a5-4412-a2fd-1aafc90bb044', 'IBKR', 'AVGO'),
    ('2d657d07-b136-4d51-9bca-fad682fa31ac', '99d7f31a-0c82-4636-ae02-fd117ac1875d', 'IBKR', 'MSFT'),
    ('2b599799-75ca-4b10-8577-ec3bdec82f38', '80590abb-8c9d-46ae-b76a-51acfbcbe422', 'IBKR', 'IBKR'),
    ('56fcd30b-ceb5-435f-ba2e-facd1b8b43b8', 'ec7b54e6-9410-48f9-b0b9-722d5eedeeb4', 'IBKR', 'NVDA'),
    ('b135d6ff-cc9a-4f64-a3ae-df04f471a05f', 'fea2cf4c-fd95-4a3e-a576-ee14d24a7275', 'IBKR', 'GOOGL'),
    ('4bfaf3a3-822a-4003-aae2-571ad5cd12d1', '1acf7fd1-2cd8-489d-8170-2f63482152f0', 'IBKR', 'JPM'),
    ('dfd398b8-9592-40f0-b4ec-8460bea60973', '9a246e26-17bd-4ea0-8824-c29b91c667b9', 'IBKR', 'AMZN'),
    ('daae946a-f7cb-4387-a76c-f393bbf252fd', 'a962865e-7e8f-45b1-805d-eee1733f8ef0', 'IBKR', 'BRK B'),
    ('4b008828-1f04-472d-ad3d-331d0bf0c71f', '429cf96c-1bef-4e5d-8257-d75ed28ca606', 'IBKR', 'ASML'),
    ('530ac191-67d5-4b25-81b2-8e1430ed7558', 'e5a8517d-0a40-4617-b659-6a032a279dac', 'IBKR', 'CVX'),
    ('2ab2603b-d457-41a2-8ba0-0830f11eee93', '0f435248-02f9-41cb-8a1a-f8a7e073961e', 'IBKR', 'ZIM'),
    ('80be9348-cce0-49f2-a79d-4104f09d3bfd', 'a9d76c3b-f525-4aab-b9ea-7bb222c82650', 'IBKR', 'SONY'),
    ('cab452fa-6b49-4e17-9991-0e98a505a302', 'd36ad555-cf04-44e6-afe2-6abd48cea6b1', 'IBKR', 'NFLX'),
    ('70a47d12-902a-42ef-96d2-072b7b5f9339', 'f81953c2-18f3-442d-a385-5a6b5cd200b7', 'IBKR', 'CEG'),
    ('d47ef9d3-4fab-4692-b86b-e5431b42756b', '13c69d18-28ab-4868-a75b-540f321f78ce', 'IBKR', 'LLY'),
    ('6f926d8d-ab24-43bc-9c8b-80d494ca2767', 'aefd4388-9cd8-4531-8211-89896bc19052', 'IBKR', 'V'),
    ('59b2b86b-4989-420d-948a-4589aee5bc43', '6d223203-79e9-43bb-9464-5affdc8ce097', 'IBKR', 'SFGYY'),

    ('5aa63181-9524-4a1e-8e94-5ce6a877f64a', 'c9d8f0da-45dc-4682-972b-beba6a16d75d', 'REVOLUT', 'D500'),
    ('0e11998e-ef38-454e-b7d5-4ec66e029e77', '3cd133b1-1207-40fe-b91b-ab3e62afbfa6', 'REVOLUT', 'EMNU'),
    ('c0a2b40e-b7f2-40ff-a628-3bbbdf2bfc01', '5c526cd2-44f6-4de7-b5ea-fd83e081bf35', 'REVOLUT', 'H4ZJ'),
    ('8a638637-b366-488f-8b5a-82492e79edeb', '6024a513-45cf-4146-9d6f-cba3efd78e60', 'REVOLUT', 'NQSE')
;