INSERT INTO companies (id, name, country_code, industry_id)
VALUES
    ('6e1fd695-45ed-40c0-a918-f5691ae8f732', 'Johnson & Johnson', 'US', '048553a5-89b4-4de5-b9af-8865c5a3fac5'),
    ('df19bf92-3041-4191-b994-c54315f34ebc', 'International Business Machines Corporation', 'US', 'a73a7e1e-5523-4751-8ace-837949841b2b'),
    ('61b9d9e8-0b43-475e-9e8b-ef095ed23f01', 'Roche Holding Ltd', 'CH','048553a5-89b4-4de5-b9af-8865c5a3fac5'),
    ('7ffd69e8-30e5-4e51-8ec8-8eb2b8c57b91', 'HSBC Holdings PLC', 'GB', '7e543bad-189b-42f0-b7dd-7e0a627db227'),
    ('c1a5f4e2-3d6b-4f5e-9c1d-2e5f6c3d7a8d', 'Banco Santander, S.A.', 'ES', '7e543bad-189b-42f0-b7dd-7e0a627db227'),
    ('fb5a1c2e-3c4d-4f5e-9c1d-2e5f6c3d7a8e', 'Airbus SE', 'US', 'a1b2c3d4-e5f6-7890-abcd-ef0123456789'),
    ('d2b2c3d4-e5f6-7890-abcd-ef0123456789', 'Siemens Aktiengesellschaft', 'DE', 'a1b2c3d4-e5f6-7890-abcd-ef0123456789'),
    ('3f4e5d6c-7b8a-9c0d-e1f2-a3b4c5d6e7f8', 'Deutsche Bank', 'DE', '1f2e3d4c-5b6a-7c8d-9e0f-1a2b3c4d5e6f'),
    ('eb4b8383-a5ee-4161-afe9-22f48a4f1521', 'SAP SE', 'DE', 'a73a7e1e-5523-4751-8ace-837949841b2b'),
    ('fdc12345-6789-4abc-def0-1234567890ab', 'Unilever PLC', 'GB', '7e543bad-189b-42f0-b7dd-7e0a627db227'),
    ('6ab6457e-c14e-4a6d-8ccf-a21b24370aea', 'Novartis AG', 'CH', '048553a5-89b4-4de5-b9af-8865c5a3fac5'),
    ('c8452227-612e-433c-8774-0b3d316a90a6', 'Allianz SE', 'DE', 'e5c5bc46-ca43-467e-9395-e54e3bfa6704'),
    ('fb2a1c2e-3c4d-4f5e-9c1d-2e5f6c3d7a8f', 'Apple Inc.', 'US', 'c4d5e6f7-8a9b-0c1d-2e3f-4a5b6c7d8e9f'),
    ('c1234567-89ab-4cde-f012-3456789abcde', 'Meta Platforms, Inc', 'US', '048553a5-89b4-4de5-b9af-8865c5a3fac5'),
    ('92b660af-fee2-4027-a7d2-35c05cbe3156', 'MARA Holdings, Inc.', 'US', '3b8e21a7-d3ff-4609-a9fe-8804a28f0c0a'),
    ('0be15e0c-9eb2-4bad-a867-c3052d0a9d1c', 'Broadcom Inc.', 'US', '75cff663-9ad5-4e30-97cd-6837b47b270f'),
    ('01eea122-acd7-421e-a61e-1b510a1a2743', 'Microsoft Corporation', 'US', 'f7bb2487-c840-4496-bf6e-0f00aa49638f'),
    ('bca178e9-73af-4ca3-91c9-5a213d9d897f', 'Bank of America Corporation', 'US', '7e543bad-189b-42f0-b7dd-7e0a627db227'),
    ('15956ad0-2943-4c87-aa91-a04b79e93408', 'Oracle Corporation', 'US', 'f7bb2487-c840-4496-bf6e-0f00aa49638f'),
    ('1b55b265-b5a1-469c-a24e-25af962afb71', 'Rolls-Royce Holdings PLC', 'GB', 'a1b2c3d4-e5f6-7890-abcd-ef0123456789'),
    ('94641f4d-b7d6-4cd4-bcc6-958020d8a386', 'Barclays PLC', 'GB', '7e543bad-189b-42f0-b7dd-7e0a627db227'),
    ('bcdce1c8-c4b2-4560-8584-1c3bc6353ce1', 'Interactive Brokers Group, Inc.', 'US', '7b93dbff-fca1-48a6-ba84-2560a3b84654'),
    ('9df1d68a-9881-49b1-b589-db25ef5aae5b', 'Salesforce, Inc.', 'US', 'bbf4c8e1-3d2a-4f5e-9c1d-2e5f6c3d7a8a'),
    ('f56d7516-d3ee-4dc1-ad17-11e2c7f3790f', 'The Coca-Cola Company', 'US', '131d737e-862e-47ef-9de1-15a38ba41b9b'),
    ('368bcf8c-78a9-493d-8384-2c0e119c9ad3', 'Plus500 Ltd.', 'GB', '3b8e21a7-d3ff-4609-a9fe-8804a28f0c0a'),
    ('1ad7b9e3-20f2-4a5d-a11b-4f4d49473d12', 'The Procter & Gamble Company', 'US', '042ea834-ccce-4627-82e6-a63339a0f343'),
    ('2db22bc5-036e-4be3-a47c-503dff4c86ae', 'Novo Nordisk A/S', 'DK', '048553a5-89b4-4de5-b9af-8865c5a3fac5'),
    ('0cf6cb92-ac8e-49b2-afcb-670ac10f463d', 'Samsung Electronics Co., Ltd.', 'KR', 'c4d5e6f7-8a9b-0c1d-2e3f-4a5b6c7d8e9f'),
    ('97e5c399-e67e-44a6-83ba-c702a1e2930f', 'QUALCOMM Incorporated', 'US', '75cff663-9ad5-4e30-97cd-6837b47b270f'),
    ('b16db3e3-e654-4c95-a58b-6afad208eec3', 'SoundHound AI, Inc.', 'US', 'bbf4c8e1-3d2a-4f5e-9c1d-2e5f6c3d7a8a')
;

INSERT INTO assets (id, asset_type, "name", symbol, fund_manager, currency_code, exchange_id, company_id)
VALUES
    ('a2e818c7-416b-4561-b25b-af8cf2307578', 'STOCK', 'Johnson & Johnson', 'JNJ', NULL, 'USD', 'e698eb12-504d-4247-b65c-ef711e4a0003', '6e1fd695-45ed-40c0-a918-f5691ae8f732'),
    ('3e367f20-5253-42ea-8598-2280a9630704', 'STOCK', 'International Business Machines Corporation', 'IBM', NULL, 'USD', 'e698eb12-504d-4247-b65c-ef711e4a0003', '6e1fd695-45ed-40c0-a918-f5691ae8f732'),
    ('2314d8b1-0e0a-4fdc-becc-01ec3dc0cbec', 'STOCK', 'Roche Holding Ltd', 'ROG.SW', NULL, 'CHF', '6dcc99d9-8812-40f4-a439-ae0db1034388', '61b9d9e8-0b43-475e-9e8b-ef095ed23f01'),
    ('9f4c8e2d-3b6a-4f5e-9c1d-2e5f6c3d7a8c', 'STOCK', 'HSBC Holdings plc', 'HSBA.L', NULL, 'GBP', '0cafbed5-1a23-4f1f-a5db-418c60b3e482', '7ffd69e8-30e5-4e51-8ec8-8eb2b8c57b91'),
    ('80835d4f-47db-4756-a6b4-b216404c7706', 'STOCK', 'Banco Santander, S.A.', 'SAN.MC', NULL, 'EUR', 'fccfc161-8c41-40af-b340-41bf77f6c483', 'c1a5f4e2-3d6b-4f5e-9c1d-2e5f6c3d7a8d'),
    ('d4f5e6a7-b8c9-0d1e-2f3a-4b5c6d7e8f90', 'STOCK', 'Airbus SE', 'AIR.PA', NULL, 'EUR', '258de74f-06ce-480b-85c5-2834e05cd7ac', 'fb5a1c2e-3c4d-4f5e-9c1d-2e5f6c3d7a8e'),
    ('df295f45-2d9a-4bd1-98fd-a43df868f7d7', 'STOCK', 'Airbus SE', 'AIR.DE', NULL, 'EUR', 'b3c1b9fe-5a55-4e9e-9f6c-2f6f2cd13c30', 'fb5a1c2e-3c4d-4f5e-9c1d-2e5f6c3d7a8e'),
    ('c3b4d5e6-f7a8-9b0c-d1e2-f3a4b5c6d7e8', 'STOCK', 'Siemens Aktiengesellschaft', 'SIE.DE', NULL, 'EUR', 'b3c1b9fe-5a55-4e9e-9f6c-2f6f2cd13c30', 'd2b2c3d4-e5f6-7890-abcd-ef0123456789'),
    ('111c1ded-f1b2-41a9-aecc-5dd25dc4ad31', 'STOCK', 'Deutsche Bank', 'DBK.DE', NULL, 'EUR', 'b3c1b9fe-5a55-4e9e-9f6c-2f6f2cd13c30', '3f4e5d6c-7b8a-9c0d-e1f2-a3b4c5d6e7f8'),
    ('9f1e2d3c-4b5a-6c7d-8e9f-0a1b2c3d4e5f', 'STOCK', 'Deutsche Bank', 'DB', NULL, 'USD', 'e698eb12-504d-4247-b65c-ef711e4a0003', '3f4e5d6c-7b8a-9c0d-e1f2-a3b4c5d6e7f8'),
    ('91966245-4129-470e-b075-680f0623b476', 'STOCK', 'SAP SE', 'SAP.DE', NULL, 'EUR', 'b3c1b9fe-5a55-4e9e-9f6c-2f6f2cd13c30', 'eb4b8383-a5ee-4161-afe9-22f48a4f1521'),
    ('94fb39b3-0464-4244-ba39-b0e343d78318', 'STOCK', 'Unilever PLC', 'ULVR.L', NULL, 'GBP', '0cafbed5-1a23-4f1f-a5db-418c60b3e482', 'fdc12345-6789-4abc-def0-1234567890ab'),
    ('a3b2c1d4-e5f6-7890-abcd-ef0123456789', 'STOCK', 'Novartis AG', 'NOVN.SW', NULL, 'CHF', '6dcc99d9-8812-40f4-a439-ae0db1034388', '6ab6457e-c14e-4a6d-8ccf-a21b24370aea'),
    ('36a4699c-c185-4399-912d-35a17b8f22f6', 'STOCK', 'Allianz SE', 'ALV.DE', NULL, 'EUR', 'b3c1b9fe-5a55-4e9e-9f6c-2f6f2cd13c30', 'c8452227-612e-433c-8774-0b3d316a90a6'),
    ('ca3717a7-df4e-4474-994f-6d5a8bd32bb4', 'STOCK', 'Apple Inc.', 'AAPL', NULL, 'USD', '2bcbd047-9de4-4220-a385-d431544a942a', 'fb2a1c2e-3c4d-4f5e-9c1d-2e5f6c3d7a8f'),
    ('9f4c8e2d-3b6a-4f5e-9c1d-2e5f6c3d7a8d', 'STOCK', 'Meta Platforms, Inc.', 'META', NULL, 'USD', '2bcbd047-9de4-4220-a385-d431544a942a', 'c1234567-89ab-4cde-f012-3456789abcde'),
    ('1c46d982-868f-4565-a8a1-4e2f29f54d8b', 'STOCK', 'MARA Holdings, Inc.', 'MARA', NULL, 'USD', '2bcbd047-9de4-4220-a385-d431544a942a', '92b660af-fee2-4027-a7d2-35c05cbe3156'),
    ('0ac84421-d8a5-4412-a2fd-1aafc90bb044', 'STOCK', 'Broadcom Inc.', 'AVGO', NULL, 'USD', '2bcbd047-9de4-4220-a385-d431544a942a', '0be15e0c-9eb2-4bad-a867-c3052d0a9d1c'),
    ('3156dcad-1744-4991-9698-409b0e2bb4ee', 'ETF', 'Invesco NASDAQ-100 Swap UCITS ETF Acc', 'EQSG.L', 'Invesco', 'GBP', '0cafbed5-1a23-4f1f-a5db-418c60b3e482', NULL),
    ('99d7f31a-0c82-4636-ae02-fd117ac1875d', 'STOCK', 'Microsoft Corporation', 'MSFT', NULL, 'USD', '2bcbd047-9de4-4220-a385-d431544a942a', '01eea122-acd7-421e-a61e-1b510a1a2743'),
    ('a77c55a5-28fa-4895-b85b-1a57c4451ad3', 'STOCK', 'Bank of America Corporation', 'BAC', NULL, 'USD', 'e698eb12-504d-4247-b65c-ef711e4a0003', 'bca178e9-73af-4ca3-91c9-5a213d9d897f'),
    ('4129fee0-7a1a-4ee3-b5a1-9a1ea8875886', 'STOCK', 'Oracle Corporation', 'ORCL', 'NULL', 'USD', 'e698eb12-504d-4247-b65c-ef711e4a0003', '15956ad0-2943-4c87-aa91-a04b79e93408'),
    ('2ac726b1-bdb9-4d4e-873c-806958ff80a8', 'STOCK', 'Rolls-Royce Holdings plc', 'RR.L', 'NULL', 'GBP', '0cafbed5-1a23-4f1f-a5db-418c60b3e482', '1b55b265-b5a1-469c-a24e-25af962afb71'),
    ('134c251f-f7dd-4c45-9f9e-0983ee088d09', 'STOCK', 'Barclays PLC', 'BARC.L', 'NULL', 'GBP', '0cafbed5-1a23-4f1f-a5db-418c60b3e482', '94641f4d-b7d6-4cd4-bcc6-958020d8a386'),
    ('80590abb-8c9d-46ae-b76a-51acfbcbe422', 'STOCK', 'Interactive Brokers Group, Inc.', 'IBKR', NULL, 'USD', '2bcbd047-9de4-4220-a385-d431544a942a', 'bcdce1c8-c4b2-4560-8584-1c3bc6353ce1'),
    ('d38008ec-21a0-4498-a224-5e9c48cb9a82', 'STOCK', 'Salesforce, Inc.', 'CRM', NULL, 'USD', 'e698eb12-504d-4247-b65c-ef711e4a0003', '9df1d68a-9881-49b1-b589-db25ef5aae5b'),
    ('aa491ae0-a832-41f2-9354-6d158c23e399', 'ETF', 'iShares MSCI Japan ESG Enhanced CTB UCITS ETF USD Inc (Dist)', 'EEJG.L', 'iShares', 'GBP', '0cafbed5-1a23-4f1f-a5db-418c60b3e482', NULL),
    ('d993242f-7074-4fd1-8081-ef2a56338970', 'STOCK', 'The Coca-Cola Company', 'KO', NULL, 'USD', 'e698eb12-504d-4247-b65c-ef711e4a0003', 'f56d7516-d3ee-4dc1-ad17-11e2c7f3790f'),
    ('8571c932-dd11-4d38-9545-41fa6c0ee2ab', 'ETF', 'iShares S&P 500 Information Technology Sector UCITS ETF USD (Acc)', 'IITU.L', 'iShares', 'GBP', '0cafbed5-1a23-4f1f-a5db-418c60b3e482', NULL),
    ('b93460cc-263c-401c-8a03-5f798deb2746', 'STOCK', 'Plus500 Ltd.', 'PLUS.L', NULL, 'GBP', '0cafbed5-1a23-4f1f-a5db-418c60b3e482', '368bcf8c-78a9-493d-8384-2c0e119c9ad3'),
    ('b10c1dbf-6497-41b1-92f5-8f2d0e292dc7', 'STOCK', 'The Procter & Gamble Company', 'PG', NULL, 'USD', 'e698eb12-504d-4247-b65c-ef711e4a0003', '1ad7b9e3-20f2-4a5d-a11b-4f4d49473d12'),
    ('8c6f483b-398f-4f19-9290-7d566a40ba98', 'STOCK', 'Novo Nordisk A/S', 'NVO', NULL, 'USD', 'e698eb12-504d-4247-b65c-ef711e4a0003', '2db22bc5-036e-4be3-a47c-503dff4c86ae'),
    ('ebe535d7-32f2-4c19-91de-4eb1b2af04a0', 'STOCK', 'Samsung Electronics Co., Ltd.', 'SMSN.IL', NULL, 'USD', '0cafbed5-1a23-4f1f-a5db-418c60b3e482', '0cf6cb92-ac8e-49b2-afcb-670ac10f463d'),
    ('779e9c90-9622-4e70-8d9c-8e18ac1c39ec', 'STOCK', 'QUALCOMM Incorporated', 'QCOM', NULL, 'USD', '2bcbd047-9de4-4220-a385-d431544a942a', '97e5c399-e67e-44a6-83ba-c702a1e2930f'),
    ('4acdf8a8-c39e-42ad-a0c5-7a556b0df54b', 'STOCK', 'SoundHound AI, Inc.', 'SOUN', NULL, 'USD', '2bcbd047-9de4-4220-a385-d431544a942a', 'b16db3e3-e654-4c95-a58b-6afad208eec3')
;

INSERT INTO asset_aliases (id, asset_id, platform, external_symbol)
VALUES
    ('0643eeb3-061f-4a1b-91c2-7015e53def28', 'a2e818c7-416b-4561-b25b-af8cf2307578', 'TRADING212', 'JNJ'),
    ('4c0f8228-78ea-4f18-8f8b-5b3e1f83fc63', '3e367f20-5253-42ea-8598-2280a9630704', 'TRADING212', 'IBM'),
    ('5f5e1c3a-9d4b-4e2e-8f4b-2e5f6c3d7a8b', '2314d8b1-0e0a-4fdc-becc-01ec3dc0cbec', 'TRADING212', 'ROG'),
    ('80a0ae28-d38e-4dd6-b452-f97e98676314', '9f4c8e2d-3b6a-4f5e-9c1d-2e5f6c3d7a8c', 'TRADING212', 'HSBA'),
    ('57a1943e-91c3-44a8-a36b-bc644e23253d', '80835d4f-47db-4756-a6b4-b216404c7706', 'TRADING212', 'SAN'),
    ('1b2c3d4e-5f6a-7b8c-9d0e-1f2a3b4c5d6e', 'd4f5e6a7-b8c9-0d1e-2f3a-4b5c6d7e8f90', 'TRADING212', 'AIR'),
    ('42ea2c64-9ee0-4731-afee-941c28547f22', 'c3b4d5e6-f7a8-9b0c-d1e2-f3a4b5c6d7e8', 'TRADING212', 'SIE'),
    ('5e292511-6ed4-4ed8-9624-5a8701c46f88', '111c1ded-f1b2-41a9-aecc-5dd25dc4ad31', 'TRADING212', 'DBK'),
    ('d1f2e3d4-c5b6-a7b8-9c0d-e1f2a3b4c5d6', '91966245-4129-470e-b075-680f0623b476', 'TRADING212', 'SAP'),
    ('e5f6a7b8-c9d0-e1f2-a3b4-c5d6e7f8091a', '94fb39b3-0464-4244-ba39-b0e343d78318', 'TRADING212', 'ULVR'),
    ('f1b2c3d4-e5f6-7890-abcd-ef0123456789', 'a3b2c1d4-e5f6-7890-abcd-ef0123456789', 'TRADING212', 'NOVN'),
    ('ab12cd34-ef56-7890-abcd-ef0123456789', '36a4699c-c185-4399-912d-35a17b8f22f6', 'TRADING212', 'ALV'),
    ('bc23de45-f678-90ab-cdef-0123456789ab', 'ca3717a7-df4e-4474-994f-6d5a8bd32bb4', 'TRADING212', 'AAPL'),
    ('cd34ef56-7890-abcd-ef01-23456789abcd', '9f4c8e2d-3b6a-4f5e-9c1d-2e5f6c3d7a8d', 'TRADING212', 'META'),
    ('ed21382f-2fb8-4f17-935d-7d1b21e9baf9', '1c46d982-868f-4565-a8a1-4e2f29f54d8b', 'TRADING212', 'MARA'),
    ('b201ddb0-0598-4631-8ba0-aed6d4693fbf', '0ac84421-d8a5-4412-a2fd-1aafc90bb044', 'TRADING212', 'AVGO'),
    ('77ab473e-1459-49b7-a9cf-d4986a911307', '3156dcad-1744-4991-9698-409b0e2bb4ee', 'TRADING212', 'EQSG'),
    ('0e7fce64-eb7c-463c-acef-0913dab89f5a', '99d7f31a-0c82-4636-ae02-fd117ac1875d', 'TRADING212', 'MSFT'),
    ('d472bdff-c4b8-4893-b3ff-5fd2aa6404d9', 'a77c55a5-28fa-4895-b85b-1a57c4451ad3', 'TRADING212', 'BAC'),
    ('c811d3f4-4f61-4e06-9b54-d6098d8e2249', '4129fee0-7a1a-4ee3-b5a1-9a1ea8875886', 'TRADING212', 'ORCL'),
    ('33ab2867-825a-4ae9-8e8f-250f6a9545e5', '2ac726b1-bdb9-4d4e-873c-806958ff80a8', 'TRADING212', 'RR'),
    ('89657cb4-8aed-4fd7-a893-a4c6e137c3db', '134c251f-f7dd-4c45-9f9e-0983ee088d09', 'TRADING212', 'BARC'),
    ('f4f2463d-494f-42eb-9cbc-9093e8848f25', '80590abb-8c9d-46ae-b76a-51acfbcbe422', 'TRADING212', 'IBKR'),
    ('e99a787e-c5f5-4bc8-bfa0-0197e44c4416', 'd38008ec-21a0-4498-a224-5e9c48cb9a82', 'TRADING212', 'CRM'),
    ('a02271e3-27b2-4055-9d77-3ec088312efb', 'aa491ae0-a832-41f2-9354-6d158c23e399', 'TRADING212', 'EEJG'),
    ('9f399f58-1cbf-4f8a-a178-6e831a896474', 'd993242f-7074-4fd1-8081-ef2a56338970', 'TRADING212', 'KO'),
    ('8d1db88e-c360-407a-8f8f-b1c2ccf95f04', '8571c932-dd11-4d38-9545-41fa6c0ee2ab', 'TRADING212', 'IITU'),
    ('1a6ea632-0bfc-434b-8c8a-b9996570fc57', 'b93460cc-263c-401c-8a03-5f798deb2746', 'TRADING212', 'PLUS'),
    ('d05f0571-68e9-4013-9bae-70289a65dcad', 'b10c1dbf-6497-41b1-92f5-8f2d0e292dc7', 'TRADING212', 'PG'),
    ('f8823fba-57f4-41f9-831e-fd35cc625253', '8c6f483b-398f-4f19-9290-7d566a40ba98', 'TRADING212', 'NVO'),
    ('44ba300a-0257-4959-8f08-8e05268d8730', 'ebe535d7-32f2-4c19-91de-4eb1b2af04a0', 'TRADING212', 'SMSN'),
    ('f0b70bb5-899e-4c1c-ac9a-249ce7e4d7f0', '779e9c90-9622-4e70-8d9c-8e18ac1c39ec', 'TRADING212', 'QCOM'),
    ('3a5b44c0-b138-4955-bc00-63622a1835b4', '4acdf8a8-c39e-42ad-a0c5-7a556b0df54b', 'TRADING212', 'SOUN'),

    ('dca31bb9-743c-4345-83ea-416991b757ea', '3e367f20-5253-42ea-8598-2280a9630704', 'ETORO', 'IBM'),
    ('4fe5a662-9d2b-4bcf-b07f-72c45b8f504b', '2314d8b1-0e0a-4fdc-becc-01ec3dc0cbec', 'ETORO', 'ROG.ZU'),
    ('21993b85-8cb4-4308-8cf9-0ccd70169da3', 'd4f5e6a7-b8c9-0d1e-2f3a-4b5c6d7e8f90', 'ETORO', 'AIR'),
    ('b9d2d4cb-f73c-46d1-9048-8b35328b3beb', 'c3b4d5e6-f7a8-9b0c-d1e2-f3a4b5c6d7e8', 'ETORO', 'SIE.DE'),
    ('91966245-4129-470e-b075-680f0623b476', '9f1e2d3c-4b5a-6c7d-8e9f-0a1b2c3d4e5f', 'ETORO', 'DB'),
    ('c859a4cc-c922-4c18-b9bb-cdaaded486da', '91966245-4129-470e-b075-680f0623b476', 'ETORO', 'SAP.DE'),
    ('4861b90a-0027-4d65-99a4-73700c25a1b2', '9f4c8e2d-3b6a-4f5e-9c1d-2e5f6c3d7a8d', 'ETORO', 'META'),
    ('7b6eff16-e0d2-4f33-a870-2edcb5b49888', '2ac726b1-bdb9-4d4e-873c-806958ff80a8', 'ETORO', 'RR.L'),
    ('510cb7df-cbe3-4c31-a882-15ffcd84438f', '134c251f-f7dd-4c45-9f9e-0983ee088d09', 'ETORO', 'BARC.L'),

    ('3662a0a0-66c1-407f-93d7-92fea293aece', 'ca3717a7-df4e-4474-994f-6d5a8bd32bb4', 'IBKR', 'AAPL'),
    ('6e08e85f-7b74-4dd3-bf73-afd80c270462', '0ac84421-d8a5-4412-a2fd-1aafc90bb044', 'IBKR', 'AVGO'),
    ('2d657d07-b136-4d51-9bca-fad682fa31ac', '99d7f31a-0c82-4636-ae02-fd117ac1875d', 'IBKR', 'MSFT'),
    ('2b599799-75ca-4b10-8577-ec3bdec82f38', '80590abb-8c9d-46ae-b76a-51acfbcbe422', 'IBKR', 'IBKR')
;